"id","keyword","pointer","pointer 2","pointer 3","badge"
"1","tattoo shops near me","1,220,000","1.87","4","Medium"
"2","tattoo","550,000","2.09","1","Low"
"3","tattoo shop","301,000","2.14","2","Low"
"4","tattoo near me","246,000","1.97","3","Medium"
"5","tattoo artist near me","165,000","1.99","4","Low"
"6","tattoo designs for men","90,500","1.15","4","Low"
"7","tattoo artist","60,500","2.43","2","Low"
"8","tattoos for men","49,500","1.14","3","Low"
"9","tattoos for guys","49,500","1.14","3","Low"
"10","tattoo and piercing shops near me","40,500","1.68","6","Low"
"11","tattoo stencils","40,500","1.15","2","Medium"
"12","tattoo designs for men arm","40,500","1.29","5","Low"
"13","tattoo gun","33,100","0.75","2","High"
"14","tattoo cover up","33,100","4.34","3","Medium"
"15","tattoo parlors near me","33,100","2.02","4","Medium"
"16","tattoo designs","33,100","1.26","2","Medium"
"17","tattoo machine","27,100","1.01","2","High"
"18","tattoo style","27,100","0.23","2","Low"
"19","tattoo and piercing near me","22,200","1.77","5","Low"
"20","tattoos for women","22,200","0.63","3","High"
"21","tattoo piercing near me","22,200","1.77","4","Low"
"22","tattoo studio","18,100","2.43","2","Low"
"23","tattoo letters","18,100","1.26","2","High"
"24","tattoos in the bible","18,100","0.03","4","Low"
"25","tattoo wedding rings","18,100","0.9","3","Low"
"26","tattoo needle","14,800","1.32","2","High"
"27","tattoo prices","12,100","1.63","2","Low"
"28","tattoo studio near me","12,100","2.03","4","Low"
"29","tattoo parlors","12,100","2.31","2","Low"
"30","tattoo cost","12,100","1.63","2","Low"
"31","tattoo transfer paper","9,900","0.51","3","High"
"32","tattoo cover up makeup","8,100","0.77","4","High"
"33","tattoo maker","8,100","1.09","2","Medium"
"34","tattoo stencil paper","8,100","0.63","3","High"
"35","tattoo and piercing","8,100","1.71","3","Low"
"36","tattoo healing","6,600","0.13","2","Low"
"37","tattoo symbols","6,600","0.72","2","Low"
"38","tattoo art","5,400","1.11","2","High"
"39","tattoo hairline","4,400","6.65","2","Low"
"40","tattoo markers","4,400","0.34","2","High"
"41","tattoo practice skin","2,900","0.56","3","High"
"42","tattoo makeup","2,900","0.78","2","High"
"43","tattoo designs for women","2,900","0.96","4","High"
"44","tattoo expo","2,900","1.71","2","Low"
"45","tattoo arm sleeve","2,900","0.63","3","High"
"46","tattoo royale","2,900","0","2","Low"
"47","tattoo piercing","2,400","1.92","2","Low"
"48","tattoo models","2,400","2.08","2","Low"
"49","tattoo butter","1,900","2.02","2","High"
"50","tattoo writing","1,600","0.99","2","Medium"
"51","tattoo 13","1,300","1.75","2","Low"
"52","tattoos and booze","1,300","0","3","Low"
"53","tattoo king","1,000","2.02","2","Low"
"54","tattoo design legs","1,000","1.16","3","Low"
"55","tattoo name style","1,000","0.62","3","Low"
"56","tattoo machine price","880","0.54","3","High"
"57","tattoo bracelet","880","0.61","2","Medium"
"58","tattoo redo","590","0","2","Low"
"59","tattoo joker","590","0","2","Low"
"60","tattoo fixers","480","0","2","Low"
"61","tattoo stitch","390","0","2","Low"
"62","tattoo set","320","0.79","2","High"
"63","tattoo fashion","210","0","2","Low"
"64","tattoo rosa","140","0","2","Medium"
"65","tattoo dragon ball","70","0","3","Low"
"66","tattoo new","50","0","2","Low"
"67","tattoo shop near me danish tattooz house","30","0","7","Low"
"68","tattoo expo 2022","10","0","3","Low"
"69","tattoo 2022","10","0","2","Low"
"70","tattoo name design in hand","10","0","5","Medium"
"71","hand tattoo","110,000","0.95","2","Low"
"72","henna tattoo","90,500","0.43","2","Medium"
"73","american traditional tattoo","90,500","1.6","3","Low"
"74","forearm tattoo","74,000","1.26","2","Low"
"75","cross tattoos","74,000","0.39","2","Low"
"76","butterfly tattoo","60,500","0.49","2","Medium"
"77","rose tattoo","60,500","0.61","2","Medium"
"78","forearm tattoos for men","60,500","1.29","4","Low"
"79","neck tattoos","60,500","0.85","2","Low"
"80","hand skeleton tattoo","60,500","1.16","3","Low"
"81","fine line tattoo","49,500","2.11","3","Low"
"82","flower tattoos","49,500","0.68","2","Medium"
"83","hand tattoos for men","49,500","1.18","4","Low"
"84","phoenix tattoo","49,500","0.58","2","Medium"
"85","neck tattoos for men","49,500","1.02","4","Low"
"86","traditional tattoo","49,500","1.67","2","Low"
"87","neck tattoos male","49,500","1.02","3","Low"
"88","spine tattoo","49,500","0.67","2","Low"
"89","finger tattoos","40,500","0.51","2","Medium"
"90","dragon tattoo","40,500","0.66","2","Low"
"91","tribal tattoo","40,500","1.24","2","Low"
"92","arm tattoos","40,500","1.15","2","Low"
"93","mother daughter tattoos","40,500","0.16","3","Medium"
"94","arm tattoos for men","40,500","1.29","4","Low"
"95","couple tattoos","40,500","0.41","2","Low"
"96","matching tattoos for couples","40,500","0.45","4","Low"
"97","mom and daughter tattoos","40,500","0.16","4","Medium"
"98","eye tattoo","40,500","1.08","2","Low"
"99","medusa tattoo","40,500","1.05","2","Low"
"100","back tattoo","40,500","0.96","2","Low"
"101","mom daughter tattoos","40,500","0.16","3","Medium"
"102","arm tattoos for guys","40,500","1.29","4","Low"
"103","tramp stamp tattoo","40,500","0.98","3","Low"
"104","best tattoo shops near me","33,100","1.7","5","Medium"
"105","good tattoo shops near me","33,100","1.7","5","Medium"
"106","sleeve tattoos","33,100","1.41","2","Low"
"107","small tattoos","33,100","0.42","2","Medium"
"108","top rated tattoo shops near me","33,100","1.7","6","Medium"
"109","lotus flower tattoo","33,100","0.5","3","Medium"
"110","sleeve tattoos for men","33,100","1.36","4","Medium"
"111","small tattoos for men","33,100","1.09","4","Low"
"112","friday the 13th tattoos","33,100","2.08","4","Low"
"113","thigh tattoos","33,100","0.83","2","Low"
"114","small tattoo designs for men","33,100","1.09","5","Low"
"115","sternum tattoo","33,100","0.65","2","Low"
"116","gaara tattoo","33,100","0","2","Low"
"117","icarus tattoo","33,100","1.31","2","Low"
"118","st michael tattoo","33,100","1.87","3","Low"
"119","cosmetic tattoo","27,100","1.82","2","Medium"
"120","face tattoos","27,100","1.73","2","Medium"
"121","flash tattoo","27,100","1.16","2","Low"
"122","star tattoo","27,100","0.55","2","Medium"
"123","friendship tattoos","27,100","0.36","2","Low"
"124","japanese tattoo","27,100","1.07","2","Low"
"125","skull tattoos","27,100","0.71","2","Low"
"126","snake tattoo","27,100","0.96","2","Low"
"127","hummingbird tattoo","27,100","0.34","2","Medium"
"128","koi fish tattoo","27,100","0.74","3","Low"
"129","best friend tattoos","27,100","0.36","3","Low"
"130","christian tattoos","27,100","0.51","2","Low"
"131","matching tattoos","27,100","0.58","2","Low"
"132","shark tattoo","27,100","0.75","2","Low"
"133","neo traditional tattoo","27,100","0.98","3","Low"
"134","back tattoos for women","27,100","0.64","4","Low"
"135","thigh tattoos for women","27,100","0.9","4","Low"
"136","cross tattoos for men","27,100","0.79","4","Low"
"137","chest tattoos for men","27,100","1.24","4","Low"
"138","chest tattoo","27,100","1.18","2","Low"
"139","back tattoo female","27,100","0.64","3","Low"
"140","thigh tattoos for females","27,100","0.9","4","Low"
"141","lion tattoo","22,200","0.64","2","Medium"
"142","wolf tattoo","22,200","0.59","2","Low"
"143","dragonfly tattoo","22,200","0.44","2","Medium"
"144","cool tattoos","22,200","1.06","2","Low"
"145","wrist tattoos","22,200","0.69","2","Low"
"146","heart tattoo","22,200","0.59","2","Medium"
"147","hand tattoos for women","22,200","0.72","4","Medium"
"148","anime tattoo","22,200","1.65","2","Low"
"149","sunflower tattoo","22,200","0.62","2","Low"
"150","yakuza tattoo","22,200","1.01","2","Low"
"151","leg tattoos","22,200","1.05","2","Low"
"152","angel tattoo","22,200","0.56","2","Low"
"153","back tattoos for men","22,200","1.23","4","Low"
"154","spider tattoo","22,200","1.23","2","Low"
"155","shoulder tattoo","22,200","0.85","2","Low"
"156","chest tattoos for women","22,200","0.76","4","Low"
"157","cherry blossom tattoo","22,200","0.74","3","Low"
"158","traditional japanese tattoo","22,200","2.05","3","Low"
"159","spine tattoos for women","22,200","0.79","4","Low"
"160","mom and son tattoos","22,200","0.52","4","Low"
"161","mother and son tattoo","22,200","0.52","4","Low"
"162","mother son tattoo","22,200","0.52","3","Low"
"163","patchwork tattoo","22,200","0.65","2","Low"
"164","werewolf tattoo","22,200","0.59","2","Low"
"165","lip tattoo","18,100","1.17","2","Low"
"166","mandala tattoo","18,100","0.63","2","Low"
"167","simple tattoos","18,100","0.93","2","Medium"
"168","joker tattoos","18,100","1.28","2","Low"
"169","tiger tattoo","18,100","2","2","Low"
"170","arm tattoos for women","18,100","0.74","4","Low"
"171","compass tattoo","18,100","0.54","2","Medium"
"172","moon tattoo","18,100","0.7","2","Low"
"173","angel wings tattoo","18,100","0.54","3","Medium"
"174","sailor jerry tattoos","18,100","0.71","3","Low"
"175","sun tattoo","18,100","0.47","2","Low"
"176","sister tattoos","18,100","0.42","2","Low"
"177","owl tattoo","18,100","0.52","2","Low"
"178","tree of life tattoo","18,100","0.85","4","Medium"
"179","leg tattoos for women","18,100","0.62","4","Low"
"180","scorpion tattoo","18,100","0.74","2","Low"
"181","leg tattoos for men","18,100","1.22","4","Low"
"182","lily tattoo","18,100","0.72","2","Low"
"183","raven tattoo","18,100","0.64","2","Low"
"184","shoulder tattoos for men","18,100","1.08","4","Low"
"185","minimal tattoo design","18,100","0","3","Low"
"186","neck tattoos for women","18,100","0.71","4","Low"
"187","jesus tattoo","18,100","0.82","2","Low"
"188","aztec tattoos","18,100","1.28","2","Low"
"189","3 cross tattoo","18,100","0.83","3","Low"
"190","berserk tattoo","18,100","1.42","2","Low"
"191","biblical tattoos","18,100","0.03","2","Low"
"192","neck tattoos for females","18,100","0.71","4","Low"
"193","steve o tattoo","18,100","0","3","Low"
"194","eyebrow tattoo","14,800","1.12","2","High"
"195","henna tattoo near me","14,800","1.5","4","Low"
"196","aquaphor for tattoos","14,800","0.4","3","Medium"
"197","watercolor tattoo","14,800","1.44","2","Low"
"198","viking tattoos","14,800","0.61","2","Medium"
"199","cat tattoo","14,800","0.35","2","Low"
"200","rose tattoo designs","14,800","0.75","3","High"
"5","tattoo ideas","246,000","1.09","2","Low"
"6","tattoo ie","246,000","1.09","2","Low"
"7","tattoo ireland","246,000","1.09","2","Low"
"8","tattoo artist near me","165,000","1.99","4","Low"
"9","tattoo designs for men","90,500","1.15","4","Low"
"10","tattoo american traditional","90,500","1.6","3","Low"
"11","tattoo ideas for men","90,500","1.15","4","Low"
"12","tattoo removal","74,000","9.39","2","High"
"13","tattoo fonts","74,000","1.09","2","Low"
"14","tattoo font style","74,000","1.09","3","Low"
"15","tattoo artist","60,500","2.43","2","Low"
"16","tattoo small ideas","60,500","0.61","3","Medium"
"17","tattoo ideas small","60,500","0.61","3","Medium"
"18","tattoo neck","60,500","0.85","2","Low"
"19","tattoo on neck","60,500","0.85","3","Low"
"20","tattoo skeleton hand","60,500","1.16","3","Low"
"21","tattoos for men","49,500","1.14","3","Low"
"22","tattoos for guys","49,500","1.14","3","Low"
"23","tattoo pain chart","49,500","0.05","3","Low"
"24","tattoo aftercare","49,500","0.3","2","Medium"
"25","tattoo hurt chart","49,500","0.05","3","Low"
"26","tattoo numbing cream","49,500","1.29","3","High"
"27","tattoo neck men","49,500","1.02","3","Low"
"28","tattoo places near me","49,500","2.12","4","Medium"
"29","tattoo pain scale","49,500","0.05","3","Low"
"30","tattoo pain level","49,500","0.05","3","Low"
"31","tattoo post care","49,500","0.3","3","Medium"
"32","tattoo and piercing shops near me","40,500","1.68","6","Low"
"33","tattoo stencils","40,500","1.15","2","Medium"
"34","tattoo designs for men arm","40,500","1.29","5","Low"
"35","tattoo aftercare products","40,500","1.72","3","Low"
"36","tattoo at the back","40,500","0.96","4","Low"
"37","tattoo stencil","40,500","1.15","2","Medium"
"38","tattoo removal near me","40,500","11.81","4","Medium"
"39","tattoo eye","40,500","1.08","2","Low"
"40","tattoo eyes","40,500","1.08","2","Low"
"41","tattoo eyeball","40,500","1.08","2","Low"
"42","tattoo for arm men","40,500","1.29","4","Low"
"43","tattoo ideas for women","40,500","0.9","4","Medium"
"44","tattoo laser removal near me","40,500","11.81","5","Medium"
"45","tattoo of eyes","40,500","1.08","3","Low"
"46","tattoo piercing shops near me","40,500","1.68","5","Low"
"47","tattoo gun","33,100","0.75","2","High"
"48","tattoo cover up","33,100","4.34","3","Medium"
"49","tattoo parlors near me","33,100","2.02","4","Medium"
"50","tattoo designs","33,100","1.26","2","Medium"
"51","tattoo small for men","33,100","1.09","4","Low"
"52","tattoo icarus","33,100","1.31","2","Low"
"53","tattoo ideas for men small","33,100","1.09","5","Low"
"54","tattoo on thigh","33,100","0.83","3","Low"
"55","tattoo small design for men","33,100","1.09","5","Low"
"56","tattoo sunscreen","33,100","0.86","2","Medium"
"57","tattoo machine","27,100","1.01","2","High"
"58","tattoo style","27,100","0.23","2","Low"
"59","tattoo styles","27,100","0.23","2","Low"
"60","tattoo back women","27,100","0.64","3","Low"
"61","tattoo behind ear","27,100","0.57","3","Low"
"62","tattoo chest","27,100","1.18","2","Low"
"63","tattoo face","27,100","1.73","2","Medium"
"64","tattoo hummingbird","27,100","0.34","2","Medium"
"65","tattoo koi","27,100","0.74","2","Low"
"66","tattoo and piercing near me","22,200","1.77","5","Low"
"67","tattoos for women","22,200","0.63","3","High"
"68","tattoo piercing near me","22,200","1.77","4","Low"
"69","tattoo butterfly meaning","22,200","0","3","Low"
"70","tattoo drawing","22,200","1.31","2","Low"
"71","tattoo font generator","22,200","1.35","3","Low"
"72","tattoo for women","22,200","0.63","3","High"
"73","tattoo generator font","22,200","1.35","3","Low"
"74","tattoo on wrist","22,200","0.69","3","Low"
"75","tattoo sunflower","22,200","0.62","2","Low"
"76","tattoo studio","18,100","2.43","2","Low"
"77","tattoo letters","18,100","1.26","2","High"
"78","tattoos in the bible","18,100","0.03","4","Low"
"79","tattoo wedding rings","18,100","0.9","3","Low"
"80","tattoo aztec","18,100","1.28","2","Low"
"81","tattoo bible","18,100","0.03","2","Low"
"82","tattoo sleeve","18,100","0.61","2","Medium"
"83","tattoo removal cost","18,100","6.66","3","Medium"
"84","tattoo ink","18,100","1.14","2","High"
"85","tattoo in the bible","18,100","0.03","4","Low"
"86","tattoo laser removal cost","18,100","6.66","4","Medium"
"87","tattoo lettering","18,100","1.26","2","High"
"88","tattoo lips","18,100","1.17","2","Low"
"89","tattoo lotion","18,100","1.77","2","High"
"90","tattoo moms","18,100","2.74","2","Low"
"91","tattoo of lips","18,100","1.17","3","Low"
"92","tattoo of sun","18,100","0.47","3","Low"
"93","tattoo on arm for women","18,100","0.74","5","Low"
"94","tattoo owl","18,100","0.52","2","Low"
"95","tattoo sun","18,100","0.47","2","Low"
"96","tattoo symbols and meanings","18,100","0.65","4","Low"
"97","tattoo needle","14,800","1.32","2","High"
"98","tattoo aftercare cream","14,800","1.43","3","High"
"99","tattoo aftercare instructions","14,800","0.08","3","Medium"
"100","tattoo aquaphor","14,800","0.4","2","Medium"
"101","tattoo bird","14,800","0.51","2","Low"
"102","tattoo cerca de mi","14,800","1.61","4","Medium"
"103","tattoo cream aftercare","14,800","1.43","3","High"
"104","tattoo flu","14,800","0.03","2","Low"
"105","tattoo doves","14,800","0.45","2","Low"
"106","tattoo ear","14,800","0.66","2","Low"
"107","tattoo elephant","14,800","0.53","2","Low"
"108","tattoo eyebrow","14,800","1.12","2","High"
"109","tattoo generator","14,800","1.29","2","Medium"
"110","tattoo healing process","14,800","0.07","3","Low"
"111","tattoo healing stages","14,800","0.07","3","Low"
"112","tattoo knee","14,800","1.42","2","Low"
"113","tattoo laser removal before and after","14,800","9.08","6","Low"
"114","tattoo lettering fonts","14,800","1.27","3","Medium"
"115","tattoo meaning","14,800","1.36","2","Low"
"116","tattoo rose design","14,800","0.75","3","High"
"117","tattoo roman numerals","14,800","1.58","3","Low"
"118","tattoo supply","14,800","1.96","2","High"
"119","tattoo supplies near me","14,800","1.37","4","Medium"
"120","tattoo prices","12,100","1.63","2","Low"
"121","tattoo studio near me","12,100","2.03","4","Low"
"122","tattoo parlors","12,100","2.31","2","Low"
"123","tattoo cost","12,100","1.63","2","Low"
"124","tattoo ai","12,100","1.22","2","Medium"
"125","tattoo apprenticeship","12,100","1.58","2","Low"
"126","tattoo apprentice","12,100","1.58","2","Low"
"127","tattoo blowout","12,100","0.08","2","Low"
"128","tattoo birth flowers","12,100","0.85","3","High"
"129","tattoo butterfly design","12,100","0.63","3","Medium"
"130","tattoo scarring","12,100","2.76","2","Low"
"131","tattoo drawing ideas","12,100","1.18","3","Low"
"132","tattoo filler ideas","12,100","1.2","3","Low"
"133","tattoo fonts for numbers","12,100","1.27","4","Low"
"134","tattoo ia","12,100","1.22","2","Medium"
"135","tattoo iowa","12,100","1.22","2","Medium"
"136","tattoo price","12,100","1.63","2","Low"
"137","tattoo number fonts","12,100","1.27","3","Low"
"138","tattoo pen","12,100","0.81","2","Medium"
"139","tattoo piercing shop","12,100","1.81","3","Low"
"140","tattoo saniderm","12,100","0.48","2","Medium"
"141","tattoo sword","12,100","0.73","2","Low"
"142","tattoo turtle","12,100","0.37","2","Low"
"143","tattoo transfer paper","9,900","0.51","3","High"
"144","tattoo actor","9,900","0","2","Low"
"145","tattoo about family","9,900","0.63","3","Low"
"146","tattoo at the lower back","9,900","0.75","5","Low"
"147","tattoo blackwork","9,900","2.1","2","Low"
"148","tattoo care","9,900","0.41","2","High"
"149","tattoo cross design","9,900","0.59","3","Medium"
"150","tattoo dog","9,900","0.42","2","Low"
"151","tattoo flash sheets","9,900","1.02","3","Medium"
"152","tattoo evil eye","9,900","0.61","3","Low"
"153","tattoo family","9,900","0.63","2","Low"
"154","tattoo eyebrows near me","9,900","1.64","4","High"
"155","tattoo finger design","9,900","0.78","3","High"
"156","tattoo funny","9,900","0.64","2","Low"
"157","tattoo gangster","9,900","3.19","2","Low"
"158","tattoo geometric","9,900","1.59","2","Low"
"159","tattoo head","9,900","5.01","2","Low"
"160","tattoo hip","9,900","2.54","2","Low"
"161","tattoo inspo","9,900","1.02","2","Low"
"162","tattoo inspiration","9,900","1.02","2","Low"
"163","tattoo is peeling","9,900","0.09","3","Low"
"164","tattoo jellyfish","9,900","1.3","2","Low"
"165","tattoo name ideas","9,900","1.02","3","Low"
"166","tattoo ointment","9,900","1.28","2","High"
"167","tattoo on ankle","9,900","0.55","3","Low"
"168","tattoo olive branch","9,900","1.12","3","Low"
"169","tattoo pain chart female","9,900","0.05","4","Low"
"170","tattoo peeling","9,900","0.09","2","Low"
"171","tattoo samurai","9,900","1.13","2","Low"
"172","tattoo sleeve ideas","9,900","1.42","3","Low"
"173","tattoo snake meaning","9,900","0","3","Low"
"174","tattoo spider man","9,900","0.43","3","Low"
"175","tattoo swallow","9,900","0.74","2","Low"
"176","tattoo supply store near me","9,900","1.3","5","Medium"
"177","tattoo touch up","9,900","2.91","3","Low"
"178","tattoo cover up makeup","8,100","0.77","4","High"
"179","tattoo maker","8,100","1.09","2","Medium"
"180","tattoo stencil paper","8,100","0.63","3","High"
"181","tattoo and piercing","8,100","1.71","3","Low"
"182","tattoo balm","8,100","2.35","2","High"
"183","tattoo cursive fonts","8,100","1.31","3","Medium"
"184","tattoo customizer","8,100","2.41","2","High"
"185","tattoo designs name","8,100","1.14","3","High"
"186","tattoo flash","8,100","1.2","2","Medium"
"187","tattoo flower designs","8,100","0.85","3","High"
"188","tattoo drawing easy","8,100","1.13","3","Medium"
"189","tattoo stencil printer","8,100","1.16","3","High"
"190","tattoo embroidery","8,100","1.27","2","Low"
"191","tattoo equipment kit","8,100","0.88","3","High"
"192","tattoo eternity symbol","8,100","0.42","3","High"
"193","tattoo fantasy island","8,100","0","3","Low"
"194","tattoo for men","8,100","1.18","3","Low"
"195","tattoo from fantasy island","8,100","0","4","Low"
"196","tattoo fonts cursive","8,100","1.31","3","Medium"
"197","tattoo gun kit","8,100","0.88","3","High"
"198","tattoo goo","8,100","0.6","2","High"
"199","tattoo henna design","8,100","0.59","3","Medium"
"200","tattoo image","8,100","0.91","2","Medium"
"201","tattoo kit","8,100","1","2","High"
"202","tattoo knuckles","8,100","0","2","Low"
"203","tattoo man","8,100","1.18","2","Low"
"204","tattoo men","8,100","1.18","2","Low"
"205","tattoo name design","8,100","1.14","3","High"
"206","tattoo numbing cream near me","8,100","0.88","5","High"
"207","tattoo outline","8,100","1.56","2","Low"
"208","tattoo ozzy osbourne","8,100","0","3","Low"
"209","tattoo quotes","8,100","2.68","2","Low"
"210","tattoo sleeve ideas for men","8,100","1.41","5","Low"
"211","tattoo healing","6,600","0.13","2","Low"
"212","tattoo symbols","6,600","0.72","2","Low"
"213","tattoo about god","6,600","0.62","3","Low"
"214","tattoo cream","6,600","2.38","2","High"
"215","tattoo creator","6,600","1.4","2","Medium"
"216","tattoo script font","6,600","1.17","3","Medium"
"217","tattoo small on hand","6,600","1.27","4","Low"
"218","tattoo sticker","6,600","1.3","2","High"
"219","tattoo egyptian","6,600","0.52","2","Low"
"220","tattoo elephant meaning","6,600","0","3","Low"
"221","tattoo fonts for names","6,600","1.12","4","Medium"
"222","tattoo god","6,600","0.62","2","Low"
"223","tattoo horse","6,600","0.34","2","Low"
"224","tattoo infection","6,600","0.18","2","Low"
"225","tattoo las vegas","6,600","1.15","3","Medium"
"226","tattoo lyrics","6,600","0","2","Low"
"227","tattoo most painful areas","6,600","0.07","4","Low"
"228","tattoo name fonts","6,600","1.12","3","Medium"
"229","tattoo numbers","6,600","2.96","2","Low"
"230","tattoo music notes","6,600","0.84","3","Low"
"231","tattoo placement","6,600","1.17","2","Low"
"232","tattoo positions","6,600","1.17","2","Low"
"233","tattoo ring finger","6,600","0.84","3","Low"
"234","tattoo rotary machine","6,600","1.07","3","High"
"235","tattoo supply store","6,600","1.77","3","Medium"
"236","tattoo tulips","6,600","0.64","2","Low"
"237","tattoo art","5,400","1.11","2","High"
"238","tattoo above knee","5,400","0","3","Low"
"239","tattoo alien","5,400","0","2","Low"
"240","tattoo bandage","5,400","0.69","2","High"
"241","tattoo bicep","5,400","0","2","Low"
"242","tattoo cream healing","5,400","1.54","3","High"
"243","tattoo designs for men hand","5,400","1.45","5","Medium"
"244","tattoo dog paw","5,400","0.36","3","Medium"
"245","tattoo flower","5,400","0.61","2","High"
"246","tattoo dynamic ink","5,400","1.25","3","High"
"247","tattoo equipment for beginners","5,400","0.85","4","High"
"248","tattoo factory","5,400","3.41","2","Low"
"249","tattoo eyeliner","5,400","1.4","2","High"
"250","tattoo festival","5,400","2.04","2","Low"
"251","tattoo fest","5,400","2.04","2","Low"
"252","tattoo fillers","5,400","0.58","2","Low"
"253","tattoo hand designs for men","5,400","1.45","5","Medium"
"254","tattoo healing cream","5,400","1.54","3","High"
"255","tattoo hurts","5,400","0.04","2","Low"
"256","tattoo ideas with meaning","5,400","0.96","4","Low"
"257","tattoo irish","5,400","0.52","2","Low"
"258","tattoo jesus cross","5,400","0","3","Low"
"259","tattoo laser removal","5,400","10.92","3","High"
"260","tattoo printer","5,400","0.87","2","High"
"261","tattoo mex","5,400","0.57","2","Low"
"262","tattoo mexican","5,400","0.57","2","Low"
"263","tattoo mexico","5,400","0.57","2","Low"
"264","tattoo mexicano","5,400","0.57","2","Low"
"265","tattoo ointment for healing","5,400","1.54","4","High"
"266","tattoo owl meaning","5,400","0","3","Low"
"267","tattoo sleeves for men","5,400","0.75","4","High"
"268","tattoo sleeves fake","5,400","0.49","3","High"
"269","tattoo ss","5,400","0","2","Low"
"270","tattoo hairline","4,400","6.65","2","Low"
"271","tattoo markers","4,400","0.34","2","High"
"272","tattoo aftercare second skin","4,400","0.44","4","High"
"273","tattoo song","4,400","0","2","Low"
"274","tattoo bills","4,400","0.43","2","Low"
"275","tattoo between breast","4,400","0.97","3","Low"
"276","tattoo chair","4,400","1.47","2","High"
"277","tattoo classes near me","4,400","1.55","4","Low"
"278","tattoo dog paw print","4,400","0.4","4","Low"
"279","tattoo dragon design","4,400","0.67","3","High"
"280","tattoo elbow ideas","4,400","1.24","3","Low"
"281","tattoo fake skin","4,400","0.57","3","High"
"282","tattoo full back","4,400","1.59","3","Low"
"283","tattoo hair","4,400","6.65","2","Low"
"284","tattoo healing time","4,400","0.07","3","Low"
"285","tattoo healing timeline","4,400","0.07","3","Low"
"286","tattoo itching","4,400","0.07","2","Low"
"287","tattoo itchy","4,400","0.07","2","Low"
"288","tattoo ideas for men with meaning","4,400","1.23","6","Low"
"289","tattoo itch","4,400","0.07","2","Low"
"290","tattoo is itchy","4,400","0.07","3","Low"
"291","tattoo jesus design","4,400","0.98","3","Low"
"292","tattoo knight","4,400","0","2","Low"
"293","tattoo meanings for men","4,400","1.15","4","Low"
"294","tattoo nyc","4,400","1.66","2","Medium"
"295","tattoo ny","4,400","1.66","2","Medium"
"296","tattoo sketches","4,400","1.26","2","Low"
"297","tattoo that represents strength","4,400","0.98","4","Low"
"298","tattoo types","4,400","0.3","2","Low"
"299","tattoo types and styles","4,400","0.03","4","Low"
"300","tattoo and piercing places near me","3,600","1.76","6","Low"
"301","tattoo arm","3,600","1.32","2","Low"
"302","tattoo apprenticeship near me","3,600","1.81","4","Low"
"303","tattoo aztec calendar","3,600","0","3","Low"
"304","tattoo cross","3,600","0.6","2","Medium"
"305","tattoo during pregnancy","3,600","0.17","3","Low"
"306","tattoo history","3,600","0.06","2","Low"
"307","tattoo hustle butter","3,600","0.65","3","High"
"308","tattoo keloid","3,600","0","2","Low"
"309","tattoo laser scar","3,600","6.85","3","Low"
"310","tattoo machine kit","3,600","1.01","3","High"
"311","tattoo moisturizer","3,600","2.08","2","High"
"312","tattoo numbing spray","3,600","1.11","3","High"
"313","tattoo ink near me","3,600","1.21","4","High"
"314","tattoo of a cross","3,600","0.6","4","Medium"
"315","tattoo on arm","3,600","1.32","3","Low"
"316","tattoo old english font","3,600","1.78","4","Medium"
"317","tattoo origin","3,600","0.06","2","Low"
"318","tattoo pain chart men","3,600","0","4","Low"
"319","tattoo puzzle piece","3,600","0","3","Low"
"320","tattoo quotes for men","3,600","1.98","4","Low"
"321","tattoo ring ideas","3,600","0.96","3","Low"
"322","tattoo ring design","3,600","0.96","3","Low"
"323","tattoo artist salary","3,600","0","3","Low"
"324","tattoo second skin","3,600","0.94","3","High"
"325","tattoo size","3,600","0","2","Low"
"326","tattoo symbols for strength","3,600","0.66","4","Low"
"327","tattoo sz","3,600","0","2","Low"
"328","tattoo tmnt","3,600","0.58","2","Low"
"329","tattoo practice skin","2,900","0.56","3","High"
"330","tattoo makeup","2,900","0.78","2","High"
"331","tattoo designs for women","2,900","0.96","4","High"
"332","tattoo expo","2,900","1.71","2","Low"
"333","tattoo arm sleeve","2,900","0.63","3","High"
"334","tattoo royale","2,900","0","2","Low"
"335","tattoo addiction","2,900","1.5","2","Low"
"336","tattoo atlanta","2,900","1.7","2","Low"
"337","tattoo black ink","2,900","1.04","3","High"
"338","tattoo breastfeeding","2,900","0.03","2","Low"
"339","tattoo beginner kit","2,900","0.95","3","High"
"340","tattoo cover","2,900","1.16","2","High"
"341","tattoo dragon sleeve","2,900","1.98","3","Low"
"342","tattoo during breastfeeding","2,900","0.03","3","Low"
"343","tattoo easy","2,900","1.46","2","Medium"
"344","tattoo ring","2,900","0.87","2","Medium"
"345","tattoo eight ball","2,900","1.02","3","Low"
"346","tattoo emo","2,900","0","2","Low"
"347","tattoo equipment","2,900","1.06","2","High"
"348","tattoo eraser","2,900","5.06","2","Low"
"349","tattoo fading","2,900","7.65","2","Low"
"350","tattoo eye design","2,900","0.6","3","Low"
"351","tattoo full sleeve design","2,900","1.49","4","Low"
"352","tattoo gap fillers","2,900","1.28","3","Low"
"353","tattoo fonts for men","2,900","1.1","4","Low"
"354","tattoo hand","2,900","0","2","Low"
"355","tattoo ideas for women with meaning","2,900","0.87","6","Low"
"356","tattoo in islam","2,900","0","3","Low"
"357","tattoo kit for beginners","2,900","0.95","4","High"
"358","tattoo laser removal machine","2,900","2.52","4","High"
"359","tattoo lettering styles","2,900","1.19","3","High"
"360","tattoo meanings for women","2,900","0.69","4","Low"
"361","tattoo needle cartridges","2,900","1.79","3","High"
"362","tattoo of a hand","2,900","0","4","Low"
"363","tattoo on hand","2,900","0","3","Low"
"364","tattoo on dark skin","2,900","0.82","4","Low"
"365","tattoo old english","2,900","0","3","Low"
"366","tattoo peeling stages","2,900","0.09","3","Low"
"367","tattoo placement ideas","2,900","0.94","3","Low"
"368","tattoo puerto rico","2,900","0","3","Low"
"369","tattoo sleeves for women","2,900","0.36","4","High"
"370","tattoo snake design","2,900","0.76","3","Low"
"371","tattoo therapy","2,900","3.11","2","Low"
"372","tattoo piercing","2,400","1.92","2","Low"
"373","tattoo models","2,400","2.08","2","Low"
"374","tattoo ai generator","2,400","1.97","3","Medium"
"375","tattoo asylum","2,400","2.43","2","Low"
"376","tattoo average cost","2,400","1.18","3","Low"
"377","tattoo austin","2,400","1.89","2","Medium"
"378","tattoo birth month flowers","2,400","0.7","4","High"
"379","tattoo books","2,400","1.09","2","High"
"380","tattoo bumps","2,400","0","2","Low"
"381","tattoo bubbling","2,400","0","2","Low"
"382","tattoo bruising","2,400","0","2","Low"
"383","tattoo cafe","2,400","2.26","2","Low"
"384","tattoo choker","2,400","0.46","2","High"
"385","tattoo cm punk","2,400","0","3","Low"
"386","tattoo cursive letters","2,400","1.35","3","Medium"
"387","tattoo script","2,400","1","2","Medium"
"388","tattoo dog ears","2,400","0","3","Medium"
"389","tattoo flower meanings","2,400","0","3","Low"
"390","tattoo flash sale near me","2,400","1.49","5","Low"
"391","tattoo small","2,400","0.36","2","Medium"
"392","tattoo dry healing","2,400","0.07","3","Low"
"393","tattoo easy design","2,400","1.15","3","Medium"
"394","tattoo removal price","2,400","7.56","3","Medium"
"395","tattoo festival baltimore","2,400","0","3","Low"
"396","tattoo forearm","2,400","1.03","2","Low"
"397","tattoo heart","2,400","0.39","2","Medium"
"398","tattoo house","2,400","3.09","2","Low"
"399","tattoo ivy","2,400","1.84","2","Low"
"400","tattoo jesus christ","2,400","0","3","Low"
"401","tattoo jesus hand","2,400","0","3","Low"
"402","tattoo key","2,400","2.26","2","Low"
"403","tattoo lettering design","2,400","1.33","3","High"
"404","tattoo luna","2,400","2.86","2","Low"
"405","tattoo meme","2,400","0","2","Low"
"406","tattoo model","2,400","2.08","2","Low"
"407","tattoo mri","2,400","0","2","Low"
"408","tattoo name","2,400","0.96","2","Low"
"409","tattoo needle sizes","2,400","0.37","3","High"
"410","tattoo music design","2,400","1.04","3","Low"
"411","tattoo on forearm","2,400","1.03","3","Low"
"412","tattoo outline stencils","2,400","1.68","3","Low"
"413","tattoo pain","2,400","0.86","2","Low"
"414","tattoo paper","2,400","0.32","2","High"
"415","tattoo psalm 23","2,400","0","3","Low"
"416","tattoo scripture","2,400","1","2","Medium"
"417","tattoo sleeve filler ideas","2,400","1.4","4","Low"
"418","tattoo symbol for family","2,400","0.55","4","Low"
"419","tattoo tipping","2,400","0.74","2","Low"
"420","tattoo butter","1,900","2.02","2","High"
"421","tattoo allergy","1,900","0.05","2","Low"
"422","tattoo ashes","1,900","0","2","Low"
"423","tattoo soap","1,900","5.12","2","High"
"424","tattoo song lyrics","1,900","0","3","Low"
"425","tattoo app","1,900","1.78","2","Medium"
"426","tattoo bali","1,900","0.67","2","Low"
"427","tattoo butterfly","1,900","0.3","2","High"
"428","tattoo bobs","1,900","1.37","2","Low"
"429","tattoo body","1,900","1.71","2","Low"
"430","tattoo christianity","1,900","0.26","2","Low"
"431","tattoo clipart","1,900","1.12","2","Low"
"432","tattoo circle","1,900","0","2","Low"
"433","tattoo cursive font generator","1,900","1.42","4","Low"
"434","tattoo dc","1,900","1.45","2","Low"
"435","tattoo designs on hand","1,900","1.15","4","Low"
"436","tattoo flu symptoms","1,900","0.04","3","Low"
"437","tattoo dye allergy","1,900","0.03","3","Low"
"438","tattoo en el brazo","1,900","0","4","Low"
"439","tattoo friendly onsen","1,900","1.04","3","Low"
"440","tattoo gallery","1,900","1.55","2","Low"
"441","tattoo font generator free","1,900","1.16","4","Low"
"442","tattoo gun amazon","1,900","0.75","3","High"
"443","tattoo gnr","1,900","0","2","Low"
"444","tattoo hand designs","1,900","1.15","3","Low"
"445","tattoo half sleeve","1,900","1.32","3","Low"
"446","tattoo hindu","1,900","0","2","Low"
"447","tattoo png","1,900","0","2","Low"
"448","tattoo kit amazon","1,900","0.84","3","High"
"449","tattoo lip liner","1,900","1.28","3","High"
"450","tattoo ink allergy","1,900","0.03","3","Low"
"451","tattoo numbing cream co","1,900","1.42","4","High"
"452","tattoo of butterfly","1,900","0.3","3","High"
"453","tattoo over scar","1,900","2.55","3","Low"
"454","tattoo pen machine","1,900","1.01","3","High"
"455","tattoo person can donate blood","1,900","0.88","5","Low"
"456","tattoo photo","1,900","1.21","2","Medium"
"457","tattoo pimples","1,900","0.06","2","Low"
"458","tattoo ribbon","1,900","0","2","Low"
"459","tattoo squirrel","1,900","0","2","Low"
"460","tattoo templates","1,900","1.2","2","Low"
"461","tattoo to cover scar","1,900","2.37","4","Low"
"462","tattoo writing","1,600","0.99","2","Medium"
"463","tattoo above eyebrow","1,600","0","3","Low"
"464","tattoo alchemy","1,600","1.72","2","Low"
"465","tattoo ambigram generator","1,600","1.24","3","Low"
"466","tattoo song jordin sparks","1,600","0","4","Low"
"467","tattoo bjj","1,600","0","2","Low"
"468","tattoo by marion","1,600","2.12","3","Low"
"469","tattoo clouds","1,600","0","2","Low"
"470","tattoo creator app","1,600","1.69","3","Medium"
"471","tattoo dnr","1,600","0","2","Low"
"472","tattoo dwayne johnson","1,600","0","3","Low"
"473","tattoo emoji","1,600","0","2","Low"
"474","tattoo en el cuello","1,600","0","4","Low"
"475","tattoo expression","1,600","0","2","Low"
"476","tattoo fails","1,600","0","2","Low"
"477","tattoo eyebrows cost","1,600","0.92","3","Medium"
"478","tattoo flash art","1,600","0.85","3","High"
"479","tattoo friendly onsen japan","1,600","0.68","4","Low"
"480","tattoo gift card","1,600","2.19","3","High"
"481","tattoo gift certificate","1,600","2.19","3","High"
"482","tattoo guns for sale","1,600","0.95","4","High"
"483","tattoo gun needles","1,600","0.76","3","High"
"484","tattoo goo kit","1,600","0.57","3","High"
"485","tattoo images for men","1,600","0.77","4","Medium"
"486","tattoo japanese design","1,600","0.95","3","Low"
"487","tattoo japanese style","1,600","1.06","3","Low"
"488","tattoo jiu jitsu","1,600","0","3","Low"
"489","tattoo license","1,600","2.07","2","Low"
"490","tattoo loreen","1,600","0","2","Low"
"491","tattoo maker app","1,600","1.69","3","Medium"
"492","tattoo nails","1,600","0","2","Low"
"493","tattoo needles near me","1,600","0.8","4","High"
"494","tattoo nightmares","1,600","0","2","Low"
"495","tattoo over stretch marks","1,600","2.51","4","Low"
"496","tattoo pinterest","1,600","0","2","Low"
"497","tattoo pictures for men","1,600","0.77","4","Medium"
"498","tattoo placement chart","1,600","1.41","3","Low"
"499","tattoo punks","1,600","0.75","2","Low"
"500","tattoo quote ideas","1,600","1.01","3","Low"
"501","tattoo quotes for females","1,600","1.26","4","Low"
"502","tattoo rash","1,600","0","2","Low"
"503","tattoo rubber duck","1,600","0.48","3","Low"
"504","tattoo art styles","1,600","0.41","3","Low"
"505","tattoo simple","1,600","0.32","2","Medium"
"506","tattoo skin","1,600","0.74","2","High"
"507","tattoo spelling","1,600","0","2","Low"
"508","tattoo spots","1,600","2.02","2","Low"
"509","tattoo squid","1,600","0","2","Low"
"510","tattoo symbol for love","1,600","0","4","Medium"
"511","tattoo teenage","1,600","1.06","2","Low"
"512","tattoo tito double p lyrics","1,600","0","5","Low"
"513","tattoo twins","1,600","0","2","Low"
"514","tattoo 13","1,300","1.75","2","Low"
"515","tattoos and booze","1,300","0","3","Low"
"516","tattoo age","1,300","0","2","Low"
"517","tattoo shading","1,300","1.73","2","Low"
"518","tattoo allergic reaction","1,300","0.04","3","Low"
"519","tattoo and blood donation","1,300","1.54","4","Low"
"520","tattoo avenue","1,300","1.1","2","Low"
"521","tattoo band","1,300","0","2","Low"
"522","tattoo birthday date","1,300","1.18","3","Low"
"523","tattoo blood donation","1,300","1.54","3","Low"
"524","tattoo business cards","1,300","4.53","3","High"
"525","tattoo bed","1,300","1.93","2","High"
"526","tattoo classes","1,300","1.21","2","Medium"
"527","tattoo concealer","1,300","0.61","2","High"
"528","tattoo date of birth","1,300","1.18","4","Low"
"529","tattoo designs simple","1,300","0.95","3","Medium"
"530","tattoo donate blood","1,300","1.54","3","Low"
"531","tattoo dynasty","1,300","0","2","Low"
"532","tattoo eczema","1,300","0.15","2","Low"
"533","tattoo equipment near me","1,300","1.06","4","High"
"534","tattoo equipment for sale","1,300","1.16","4","High"
"535","tattoo filler ideas for men","1,300","0.95","5","Low"
"536","tattoo fiesta","1,300","1.73","2","Low"
"537","tattoo gap filler ideas","1,300","1.13","4","Low"
"538","tattoo generator ai","1,300","2.01","3","Medium"
"539","tattoo golf","1,300","1.79","2","High"
"540","tattoo gun near me","1,300","1.06","4","High"
"541","tattoo grey wash","1,300","2.73","3","Medium"
"542","tattoo ideas pinterest","1,300","2.22","3","Low"
"543","tattoo igy6","1,300","0","2","Low"
"544","tattoo irezumi","1,300","0","2","Low"
"545","tattoo kcmo","1,300","2.97","2","Low"
"546","tattoo lady","1,300","0.95","2","Low"
"547","tattoo printer machine","1,300","0.86","3","High"
"548","tattoo movie","1,300","0","2","Low"
"549","tattoo nj","1,300","1.86","2","Low"
"550","tattoo outlines for men","1,300","1.48","4","Low"
"551","tattoo philippines","1,300","0","2","Low"
"552","tattoo portfolio","1,300","2.06","2","Low"
"553","tattoo quotes for women","1,300","1.1","4","Low"
"554","tattoo risks","1,300","0.07","2","Low"
"555","tattoo running","1,300","0.64","2","Low"
"556","tattoo sayings","1,300","0.83","2","Low"
"557","tattoo simple design","1,300","0.95","3","Medium"
"558","tattoo skull","1,300","0.76","2","Low"
"559","tattoo soap aftercare","1,300","3.55","3","High"
"560","tattoo tv shows","1,300","0","3","Low"
"561","tattoo tattoo","1,300","2.87","2","Low"
"562","tattoo table","1,300","1.22","2","High"
"563","tattoo king","1,000","2.02","2","Low"
"564","tattoo design legs","1,000","1.16","3","Low"
"565","tattoo name style","1,000","0.62","3","Low"
"566","tattoo above elbow","1,000","0","3","Low"
"567","tattoo avenue tucson","1,000","1.04","3","Low"
"568","tattoo body pain chart","1,000","0","4","Low"
"569","tattoo body template","1,000","1.55","3","Low"
"570","tattoo brow","1,000","1.46","2","High"
"571","tattoo cursive","1,000","0","2","Low"
"572","tattoo cyber sigilism","1,000","0","3","Low"
"573","tattoo flaking","1,000","0.11","2","Low"
"574","tattoo dragon","1,000","1.47","2","Low"
"575","tattoo stencil pro","1,000","1.25","3","Low"
"576","tattoo elements","1,000","4.05","2","Low"
"577","tattoo expo 2026","1,000","1.8","3","Low"
"578","tattoo eyebrow gel","1,000","1.1","3","High"
"579","tattoo fever","1,000","0.84","2","Low"
"580","tattoo festival 2026","1,000","2.16","3","Low"
"581","tattoo festival near me","1,000","2.09","4","Low"
"582","tattoo fest 2026","1,000","2.16","3","Low"
"583","tattoo friendly onsen tokyo","1,000","1.23","4","Low"
"584","tattoo fonts for women","1,000","1.07","4","High"
"585","tattoo granuloma","1,000","0","2","Low"
"586","tattoo houston","1,000","1.16","2","Medium"
"587","tattoo jordin sparks lyrics","1,000","0","4","Low"
"588","tattoo kings","1,000","2.02","2","Low"
"589","tattoo kit professional","1,000","0.92","3","High"
"590","tattoo legs design","1,000","1.16","3","Low"
"591","tattoo logo","1,000","3.35","2","Low"
"592","tattoo locations","1,000","1.33","2","Low"
"593","tattoo lyrics jordin sparks","1,000","0","4","Low"
"594","tattoo makeup cover up","1,000","0.81","4","High"
"595","tattoo ink sets","1,000","1.3","3","High"
"596","tattoo mummy","1,000","0","2","Low"
"597","tattoo okc","1,000","2.18","2","Medium"
"598","tattoo oklahoma","1,000","2.18","2","Medium"
"599","tattoo old","1,000","0","2","Low"
"600","tattoo open near me","1,000","1.95","4","Medium"
"601","tattoo outline ideas","1,000","1.1","3","Low"
"602","tattoo outline designs","1,000","1.94","3","Medium"
"603","tattoo outer forearm","1,000","2.09","3","Low"
"604","tattoo outline drawing ideas","1,000","0","4","Low"
"605","tattoo pics","1,000","0.61","2","Medium"
"606","tattoo pictures","1,000","0.61","2","Medium"
"607","tattoo pic","1,000","0.61","2","Medium"
"608","tattoo placement names","1,000","1.52","3","Low"
"609","tattoo power supply","1,000","1.53","3","High"
"610","tattoo pyramid eye meaning","1,000","0","4","Low"
"611","tattoo raised and itchy","1,000","0.07","4","Low"
"612","tattoo raised","1,000","0","2","Low"
"613","tattoo script generator","1,000","1.28","3","Low"
"614","tattoo silver skin","1,000","0","3","Low"
"615","tattoo skin cover","1,000","0.81","3","High"
"616","tattoo sleeve ideas for women","1,000","0.99","5","Low"
"617","tattoo specials near me","1,000","1.73","4","Medium"
"618","tattoo swirls","1,000","0","2","Low"
"619","tattoo temporary","1,000","1.16","2","High"
"620","tattoo tape","1,000","0.61","2","High"
"621","tattoo thermal printer","1,000","1.14","3","High"
"622","tattoo trishul","1,000","0","2","Low"
"623","tattoo transfer paper near me","1,000","0.41","5","High"
"624","tattoo tucson","1,000","1.62","2","Low"
"625","tattoo machine price","880","0.54","3","High"
"626","tattoo bracelet","880","0.61","2","Medium"
"627","tattoo aa","880","0","2","Low"
"628","tattoo academy","880","1.33","2","Low"
"629","tattoo animal","880","0","2","Low"
"630","tattoo aquarius symbol","880","0","3","Medium"
"631","tattoo assassins","880","0","2","Low"
"632","tattoo appointment","880","5.13","2","Medium"
"633","tattoo axe","880","0","2","Low"
"634","tattoo axl rose","880","0","3","Low"
"635","tattoo bbc","880","0","2","Low"
"636","tattoo bleeding","880","0","2","Low"
"637","tattoo blue","880","1.73","2","Low"
"638","tattoo cellulitis","880","0","2","Low"
"639","tattoo clothing","880","1.63","2","High"
"640","tattoo cute","880","0","2","Low"
"641","tattoo eyeliner near me","880","1.62","4","Medium"
"642","tattoo fine line","880","1.58","3","Low"
"643","tattoo film","880","0.74","2","High"
"644","tattoo gf","880","0","2","Low"
"645","tattoo guy","880","0","2","Low"
"646","tattoo gun for beginners","880","0.77","4","High"
"647","tattoo goo balm","880","0.76","3","High"
"648","tattoo gun price","880","0.54","3","High"
"649","tattoo globe","880","0","2","Low"
"650","tattoo iceland","880","0.18","2","Low"
"651","tattoo illusions","880","0","2","Low"
"652","tattoo image generator","880","1.76","3","Medium"
"653","tattoo itchy and bumpy","880","0","4","Low"
"654","tattoo jacksonville fl","880","1.81","3","Medium"
"655","tattoo khmer","880","0","2","Low"
"656","tattoo kingdom","880","1.69","2","Low"
"657","tattoo lettering generator","880","1.27","3","Low"
"658","tattoo light","880","1.77","2","High"
"659","tattoo lymphoma","880","0.27","2","Low"
"660","tattoo name generator","880","1.23","3","Low"
"661","tattoo nation","880","0","2","Low"
"662","tattoo myrtle beach","880","2.45","3","Low"
"663","tattoo myrtle beach sc","880","2.45","4","Low"
"664","tattoo nba","880","0","2","Low"
"665","tattoo nba player","880","0","3","Low"
"666","tattoo nh","880","1.69","2","Low"
"667","tattoo music symbol","880","0.65","3","Low"
"668","tattoo of piercing","880","1.98","3","Low"
"669","tattoo okinawa","880","0","2","Low"
"670","tattoo omaha","880","1.69","2","Low"
"671","tattoo omaha ne","880","1.69","3","Low"
"672","tattoo orlando","880","1.67","2","Medium"
"673","tattoo owl design","880","0.37","3","Medium"
"674","tattoo phoenix","880","1.05","2","Low"
"675","tattoo aftercare guide","880","0.1","3","Low"
"676","tattoo sleeve cover","880","0.32","3","High"
"677","tattoo swelling","880","0.06","2","Low"
"678","tattoo swollen","880","0.06","2","Low"
"679","tattoo synonym","880","0","2","Low"
"680","tattoo temple","880","2.09","2","Low"
"681","tattoo tech","880","2.67","2","Low"
"682","tattoo time","880","0","2","Low"
"683","tattoo tn","880","0","2","Low"
"684","tattoo tribal","880","0.58","2","Medium"
"685","tattoo transfer gel","880","0.74","3","High"
"686","tattoo shading styles","720","0","3","Low"
"687","tattoo ai design","720","1.95","3","Medium"
"688","tattoo alphabet","720","0.75","2","Medium"
"689","tattoo asl","720","0","2","Low"
"690","tattoo athens","720","0.77","2","Low"
"691","tattoo blisters","720","0.13","2","Low"
"692","tattoo cancer risk","720","0.05","3","Low"
"693","tattoo certificate","720","1.62","2","Low"
"694","tattoo ct","720","1.62","2","Low"
"695","tattoo cutting","720","0","2","Low"
"696","tattoo doodles","720","0","2","Low"
"697","tattoo smart","720","1.36","2","Low"
"698","tattoo ear piercing","720","2.16","3","Low"
"699","tattoo eiffel tower","720","0","3","Low"
"700","tattoo envy","720","0","2","Low"
"701","tattoo epilepsy","720","0","2","Low"
"702","tattoo etching","720","0","2","Low"
"703","tattoo expo near me","720","1.73","4","Low"
"704","tattoo fort wayne","720","9.19","3","Low"
"705","tattoo fort collins","720","1.48","3","Medium"
"706","tattoo fort worth","720","1.25","3","Medium"
"707","tattoo game","720","0.48","2","Low"
"708","tattoo gloves","720","2.24","2","High"
"709","tattoo health risks","720","0.36","3","Low"
"710","tattoo hand ideas","720","0","3","Low"
"711","tattoo ice cream","720","0","3","Low"
"712","tattoo japanese maple","720","0.8","3","Low"
"713","tattoo jesus","720","0","2","Low"
"714","tattoo jobs","720","0.7","2","Low"
"715","tattoo knife","720","0","2","Low"
"716","tattoo knoxville tn","720","2.18","3","Low"
"717","tattoo knoxville","720","2.18","2","Low"
"718","tattoo knot","720","0","2","Low"
"719","tattoo kits for sale","720","1.52","4","High"
"720","tattoo liner","720","1.25","2","High"
"721","tattoo line","720","0","2","Low"
"722","tattoo process","720","0.15","2","Low"
"723","tattoo loreen lyrics","720","0","3","Low"
"724","tattoo locations on body","720","0.64","4","Low"
"725","tattoo lymph node","720","0","3","Low"
"726","tattoo ink and cancer","720","0.06","4","Low"
"727","tattoo nl","720","0","2","Low"
"728","tattoo of jesus","720","0","3","Low"
"729","tattoo open now","720","2.51","3","Medium"
"730","tattoo placement pain chart","720","0","4","Low"
"731","tattoo portraits","720","2.1","2","Low"
"732","tattoo psoriasis","720","2.67","2","Low"
"733","tattoo psalm","720","0","2","Low"
"734","tattoo rome","720","0.64","2","Low"
"735","tattoo artist job","720","1.46","3","Low"
"736","tattoo snake","720","0","2","Low"
"737","tattoo spots on body","720","0.64","4","Low"
"738","tattoo tray","720","1.35","2","High"
"739","tattoo trends","720","0","2","Low"
"740","tattoo training","720","1.19","2","Low"
"741","tattoo tv show competition","720","0","4","Low"
"742","tattoo tulsa","720","1.14","2","Low"
"743","tattoo redo","590","0","2","Low"
"744","tattoo joker","590","0","2","Low"
"745","tattoo in chinese","590","0","3","Low"
"746","tattoo aesthetic","590","0","2","Low"
"747","tattoo and immune system","590","0","4","Low"
"748","tattoo back design","590","0.65","3","Low"
"749","tattoo az","590","1.87","2","Low"
"750","tattoo bf","590","0","2","Low"
"751","tattoo bf name","590","0","3","Low"
"752","tattoo blastover","590","0","2","Low"
"753","tattoo behind ear male","590","0","4","Low"
"754","tattoo cause cancer","590","0.05","3","Low"
"755","tattoo care first week","590","0.12","4","Medium"
"756","tattoo chinese","590","0","2","Low"
"757","tattoo dfw","590","2.18","2","Low"
"758","tattoo drawing app","590","1.4","3","Medium"
"759","tattoo drawings on paper","590","0","4","Low"
"760","tattoo durham","590","1.36","2","Medium"
"761","tattoo edges","590","2.97","2","Medium"
"762","tattoo removal before after","590","9.02","4","Low"
"763","tattoo egyptian symbols","590","0","3","Low"
"764","tattoo emporium","590","3.69","2","Low"
"765","tattoo empire","590","0","2","Low"
"766","tattoo english","590","0","2","Low"
"767","tattoo excision","590","4.44","2","Low"
"768","tattoo eugene","590","1.3","2","Medium"
"769","tattoo eugene oregon","590","1.3","3","Medium"
"770","tattoo ez","590","5.21","2","Medium"
"771","tattoo friendly onsen kyoto","590","1.35","4","Low"
"772","tattoo gel","590","2.6","2","High"
"773","tattoo generator free online","590","1.32","4","Medium"
"774","tattoo gif","590","0","2","Low"
"775","tattoo goo reviews","590","0.39","3","Medium"
"776","tattoo green soap","590","0.67","3","High"
"777","tattoo glide","590","1.92","2","High"
"778","tattoo ig","590","0","2","Low"
"779","tattoo immune system","590","0","3","Low"
"780","tattoo jewelry","590","0.97","2","Low"
"781","tattoo jewel","590","0.97","2","Low"
"782","tattoo jg","590","0","2","Low"
"783","tattoo jungle","590","0","2","Low"
"784","tattoo knife designs","590","0","3","Low"
"785","tattoo krishna","590","0","2","Low"
"786","tattoo lubbock","590","1.85","2","Low"
"787","tattoo lion","590","0.95","2","Medium"
"788","tattoo protection film","590","0.8","3","High"
"789","tattoo lubbock tx","590","1.85","3","Low"
"790","tattoo needle types","590","0.16","3","High"
"791","tattoo museum","590","1.99","2","Low"
"792","tattoo nike","590","0","2","Low"
"793","tattoo oahu","590","0.94","2","Medium"
"794","tattoo oakland","590","2.02","2","Low"
"795","tattoo of lion","590","0.95","3","Medium"
"796","tattoo outline drawing","590","0","3","Low"
"797","tattoo over blackout","590","0","3","Low"
"798","tattoo placement meaning","590","0","3","Low"
"799","tattoo planner","590","1.01","2","Low"
"800","tattoo puns","590","0","2","Low"
"801","tattoo ptsd","590","0","2","Low"
"802","tattoo rugs","590","1.12","2","High"
"803","tattoo rva","590","2.55","2","Low"
"804","tattoo sarcoidosis","590","0","2","Low"
"805","tattoo scar cover up","590","2.47","4","Low"
"806","tattoo side effects","590","0.05","3","Low"
"807","tattoo skin peeling","590","0.09","3","Low"
"808","tattoo skin wrap","590","0.79","3","High"
"809","tattoo smile","590","0","2","Low"
"810","tattoo spray","590","2.05","2","High"
"811","tattoo ryan","590","0","2","Low"
"812","tattoo swimming","590","0.2","2","Low"
"813","tattoo text generator","590","1.53","3","Low"
"814","tattoo the plane the plane","590","0","5","Low"
"815","tattoo tip calculator","590","0","3","Low"
"816","tattoo tito double p","590","0","4","Low"
"817","tattoo typewriter font","590","0","3","Low"
"818","tattoo fixers","480","0","2","Low"
"819","tattoo aftercare moisturizer","480","0.95","3","High"
"820","tattoo ai app","480","1.88","3","Medium"
"821","tattoo amsterdam","480","0.67","2","Low"
"822","tattoo areas","480","0","2","Low"
"823","tattoo at home","480","1.35","3","Low"
"824","tattoo band designs","480","0","3","Low"
"825","tattoo bk","480","1.73","2","Medium"
"826","tattoo before and after healing","480","0","5","Low"
"827","tattoo cancer","480","0.04","2","Low"
"828","tattoo cbd melbourne","480","3.9","3","Low"
"829","tattoo chair for artist","480","1.09","4","High"
"830","tattoo cleaning","480","0.82","2","High"
"831","tattoo city","480","2.11","2","Low"
"832","tattoo culture dc","480","1.52","3","Low"
"833","tattoo day","480","0","2","Low"
"834","tattoo dj","480","0","2","Low"
"835","tattoo smoke","480","0","2","Low"
"836","tattoo dublin","480","0.56","2","Low"
"837","tattoo dumond","480","2.61","2","Low"
"838","tattoo editor","480","1.49","2","Medium"
"839","tattoo edinburgh","480","3.02","2","Low"
"840","tattoo edit","480","1.49","2","Medium"
"841","tattoo eiza gonzález","480","0","3","Low"
"842","tattoo events near me","480","2.31","4","Low"
"843","tattoo finger","480","0","2","Low"
"844","tattoo for men hand","480","0","4","Low"
"845","tattoo ft myers","480","2.04","3","Medium"
"846","tattoo fort myers","480","2.04","3","Medium"
"847","tattoo friendly onsen hakone","480","2.4","4","Low"
"848","tattoo full sleeve","480","1.64","3","Low"
"849","tattoo furniture","480","1.87","2","High"
"850","tattoo galaxy","480","0","2","Low"
"851","tattoo gizmo","480","0","2","Low"
"852","tattoo gum","480","0","2","Low"
"853","tattoo grip tape","480","1.08","3","High"
"854","tattoo hindi","480","0","2","Low"
"855","tattoo hand man","480","0","3","Low"
"856","tattoo hand men","480","0","3","Low"
"857","tattoo irritation","480","0","2","Low"
"858","tattoo johnny","480","0","2","Low"
"859","tattoo jobs near me","480","1.14","4","Low"
"860","tattoo laser","480","9","2","High"
"861","tattoo lipstick","480","0.74","2","High"
"862","tattoo lds","480","0","2","Low"
"863","tattoos lds church","480","0","3","Low"
"864","tattoo lyrics loreen","480","0","3","Low"
"865","tattoo lyrics tito double p","480","0","5","Low"
"866","tattoo melbourne","480","3.9","2","Low"
"867","tattoo men hand","480","0","3","Low"
"868","tattoo mountain","480","0","2","Low"
"869","tattoo mtv show","480","0","3","Low"
"870","tattoo number design","480","1.6","3","Low"
"871","tattoo nfl","480","0","2","Low"
"872","tattoo new design","480","1","3","Low"
"873","tattoo ink ingredients","480","0.07","3","Low"
"874","tattoo ink sack","480","0","3","Low"
"875","tattoo music","480","0","2","Low"
"876","tattoo norfolk va","480","1.57","3","Low"
"877","tattoo om design","480","0","3","Low"
"878","tattoo parlour","480","2.73","2","Low"
"879","tattoo pen drawing","480","0.29","3","Medium"
"880","tattoo poe","480","0","2","Low"
"881","tattoo rhode island","480","1.18","3","Low"
"882","tattoo socks","480","0.35","2","High"
"883","tattoo symbols for men","480","1.58","4","Low"
"884","tattoo themes","480","1.25","2","Low"
"885","tattoo that represents pain","480","0","4","Low"
"886","tattoo tights","480","0.65","2","High"
"887","tattoo tokyo","480","0.64","2","Low"
"888","tattoo tools","480","1.03","2","High"
"889","tattoo stitch","390","0","2","Low"
"890","tattoo aftercare reddit","390","0","3","Low"
"891","tattoo addiction madison wi","390","5.33","4","Low"
"892","tattoo addiction madison","390","5.33","3","Low"
"893","tattoo age limit","390","0","3","Low"
"894","tattoo age in florida","390","0","4","Low"
"895","tattoo ai free","390","1.12","3","Medium"
"896","tattoo alcohol","390","0.4","2","Low"
"897","tattoo asylum edison","390","1.75","3","Low"
"898","tattoo bangkok","390","2.06","2","Medium"
"899","tattoo bkk","390","2.06","2","Medium"
"900","tattoo body parts","390","1.78","3","Low"
"901","tattoo by loreen","390","0","3","Low"
"902","tattoo clothing brands","390","1.66","3","High"
"903","tattoo cover sticker","390","0.52","3","High"
"904","tattoo dog collar","390","0.61","3","High"
"905","tattoo down spine","390","0","3","Low"
"906","tattoo easy drawing","390","0","3","Low"
"907","tattoo egg","390","0","2","Low"
"908","tattoo feather","390","0.43","2","Medium"
"909","tattoo fort lauderdale","390","1.83","3","Medium"
"910","tattoo generator app","390","1.92","3","Medium"
"911","tattoo gone wrong","390","0","3","Low"
"912","tattoo goo walmart","390","0.14","3","High"
"913","tattoo hq hawaii","390","1.26","3","Low"
"914","tattoo hoodie","390","1.38","2","High"
"915","tattoo icon","390","1.11","2","Low"
"916","tattoo illegal","390","0","2","Low"
"917","tattoo in japanese","390","0","3","Low"
"918","tattoo image hand","390","0.97","3","Low"
"919","tattoo itch relief","390","0.56","3","High"
"920","tattoo japanese","390","0","2","Low"
"921","tattoo japan","390","0","2","Low"
"922","tattoo jp","390","0","2","Low"
"923","tattoo jokes","390","0","2","Low"
"924","tattoo key west","390","14.21","3","Low"
"925","tattoo lp","390","0","2","Low"
"926","tattoo lubricant","390","2.25","2","Low"
"927","tattoo mma","390","0","2","Low"
"928","tattoo needle sizes and uses","390","0.19","5","Medium"
"929","tattoo oceanside","390","1.86","2","Medium"
"930","tattoo on private part","390","0","4","Low"
"931","tattoo oil","390","1.76","2","High"
"932","tattoo over heart","390","0","3","Low"
"933","tattoo photo hand","390","0.97","3","Low"
"934","tattoo portfolio examples","390","2.39","3","Low"
"935","tattoo pyramid with eye","390","0","4","Low"
"936","tattoo rauw alejandro lyrics","390","0","4","Low"
"937","tattoo ribbon design","390","1.48","3","Low"
"938","tattoo salon near me","390","2.05","4","Medium"
"939","tattoo sales near me","390","1.81","4","Medium"
"940","tattoo salon","390","1.86","2","Low"
"941","tattoo semicolon","390","0","2","Low"
"942","tattoo spider","390","0","2","Low"
"943","tattoo square","390","0","2","Low"
"944","tattoo text","390","1.2","2","Low"
"945","tattoo text fonts","390","0.89","3","Low"
"946","tattoo tap out session","390","2.85","4","Low"
"947","tattoo thailand","390","1.63","2","Low"
"948","tattoo tiger","390","0","2","Low"
"949","tattoo tour","390","0","2","Low"
"950","tattoo tool box","390","1.43","3","High"
"951","tattoo set","320","0.79","2","High"
"952","tattoo singapore","320","1.02","2","Low"
"953","tattoo accessories","320","0.87","2","High"
"954","tattoo ads","320","17.87","2","Low"
"955","tattoo age by state","320","0","4","Low"
"956","tattoo age in texas","320","0","4","Low"
"957","tattoo arm band","320","0","3","Medium"
"958","tattoo aspen","320","0","2","Low"
"959","tattoo autoclave","320","1.45","2","High"
"960","tattoo azteca","320","0","2","Low"
"961","tattoo blowout example","320","0.12","3","Low"
"962","tattoo brushes procreate","320","2.12","3","High"
"963","tattoo brand","320","1.68","2","Low"
"964","tattoo chords","320","0","2","Low"
"965","tattoo cincinnati","320","1.9","2","Low"
"966","tattoo cyst","320","0","2","Low"
"967","tattoo czech republic","320","0","3","Low"
"968","tattoo czech","320","0","2","Low"
"969","tattoo dad","320","0","2","Low"
"970","tattoo daddy","320","0","2","Low"
"971","tattoo scorpion","320","0","2","Low"
"972","tattoo downtown","320","2.65","2","Low"
"973","tattoo small design","320","0.98","3","High"
"974","tattoo ear piercing near me","320","1.77","5","Medium"
"975","tattoo erie pa","320","0","3","Low"
"976","tattoo espalda mujer","320","0","3","Low"
"977","tattoo gold coast","320","0","3","Low"
"978","tattoo gta sa","320","0","3","Low"
"979","tattoo glasses","320","0.31","2","High"
"980","tattoo hives","320","0","2","Low"
"981","tattoo hk","320","0.82","2","Low"
"982","tattoo hong kong","320","0.82","3","Low"
"983","tattoo in singapore","320","1.02","3","Low"
"984","tattoo images for women","320","0.52","4","High"
"985","tattoo jb","320","3.16","2","Low"
"986","tattoo kaiju","320","0","2","Low"
"987","tattoo kit near me","320","1.03","4","High"
"988","tattoo minimalist","320","0","2","Medium"
"989","tattoo minimal","320","0","2","Medium"
"990","tattoo military meaning","320","0","3","Low"
"991","tattoo mrsa","320","0","2","Low"
"992","tattoo mexico city","320","2.06","3","Low"
"993","tattoo myself","320","0.72","2","Low"
"994","tattoo nyc walk in","320","0.89","4","High"
"995","tattoo october birth flower","320","0","4","High"
"996","tattoo obscura","320","0","2","Low"
"997","tattoo ointment walmart","320","0.45","3","High"
"998","tattoo ointment aftercare","320","0.98","3","High"
"999","tattoo parlour near me","320","1.55","4","Medium"
"1000","tattoo pb","320","1.78","2","Low"
"1001","tattoo pus","320","0","2","Low"
"1002","tattoo punjabi","320","0","2","Low"
"1003","tattoo room","320","0","2","Low"
"1004","tattoo second skin how long","320","0.07","5","Low"
"1005","tattoo second skin near me","320","0.88","5","High"
"1006","tattoo sg","320","1.02","2","Low"
"1007","tattoo specials","320","1.92","2","Low"
"1008","tattoo squeeze bottle","320","0.93","3","High"
"1009","tattoo tickets","320","2.56","2","Medium"
"1010","tattoo tips for beginners","320","1.04","4","Medium"
"1011","tattoo tyler tx","320","0","3","Low"
"1012","tattoo advice reddit","260","0","3","Low"
"1013","tattoo age california","260","0","3","Low"
"1014","tattoo all the things she said","260","0","6","Low"
"1015","tattoo america","260","0","2","Low"
"1016","tattoo artist course","260","1.19","3","Low"
"1017","tattoo at 16","260","0","3","Low"
"1018","tattoo athens ga","260","0.84","3","Low"
"1019","tattoo birthday","260","1.68","2","High"
"1020","tattoo birmingham","260","0","2","Low"
"1021","tattoo belt","260","0","2","Low"
"1022","tattoo by me","260","2.03","3","Low"
"1023","tattoo cleaning soap","260","4.45","3","High"
"1024","tattoo culture","260","0.37","2","Low"
"1025","tattoo dates","260","0","2","Low"
"1026","tattoo designs photos","260","0.61","3","High"
"1027","tattoo eagle","260","0","2","Medium"
"1028","tattoo edmonton","260","0","2","Low"
"1029","tattoo engagement ring","260","0","3","Low"
"1030","tattoo equipment shop","260","1.29","3","High"
"1031","tattoo estimate","260","4.09","2","Low"
"1032","tattoo etymology","260","0","2","Low"
"1033","tattoo events","260","2.12","2","Low"
"1034","tattoo feels raised","260","0","3","Low"
"1035","tattoo friendly onsen osaka","260","1.84","4","Low"
"1036","tattoo history books","260","0.51","3","High"
"1037","tattoo hpv","260","0","2","Low"
"1038","tattoo hydraulic chair","260","2.1","3","High"
"1039","tattoo jd","260","0","2","Low"
"1040","tattoo png transparent","260","0","3","Low"
"1041","tattoo pronunciation","260","0","2","Low"
"1042","tattoo london","260","0.79","2","Low"
"1043","tattoo mexican style","260","0","3","Low"
"1044","tattoo ink and cancer risk","260","0.05","5","Low"
"1045","tattoo oaxaca","260","0","2","Low"
"1046","tattoo ocean city md","260","0","4","Low"
"1047","tattoo on","260","0","2","Low"
"1048","tattoo odyssey","260","0","2","Low"
"1049","tattoo of a rose","260","0","4","High"
"1050","tattoo ogden","260","1.96","2","Low"
"1051","tattoo ogden utah","260","1.96","3","Low"
"1052","tattoo osaka","260","1.2","2","Low"
"1053","tattoo omega","260","0","2","Low"
"1054","tattoo olympia","260","0.91","2","Low"
"1055","tattoo over scar tissue","260","0","4","Low"
"1056","tattoo peeling after 3 days","260","0.09","5","Low"
"1057","tattoo placement arm","260","0","3","Low"
"1058","tattoo polynesian","260","0","2","Low"
"1059","tattoo poisoning","260","0","2","Low"
"1060","tattoo qr code","260","0","3","Low"
"1061","tattoo qr","260","0","2","Low"
"1062","tattoo rings for men","260","0.62","4","Low"
"1063","tattoo rl needles","260","1","3","High"
"1064","tattoo rose","260","0","2","High"
"1065","tattoo rules","260","0.04","2","Low"
"1066","tattoo rules for military","260","4.32","4","Low"
"1067","tattoo session","260","3.41","2","Low"
"1068","tattoo sketch app","260","1.3","3","Medium"
"1069","tattoo society","260","1.37","2","Low"
"1070","tattoo spots for women","260","0","4","Low"
"1071","tattoo tycoon","260","0","2","Low"
"1072","tattoo fashion","210","0","2","Low"
"1073","tattoo accountants","210","0","2","Low"
"1074","tattoo akron ohio","210","1.11","3","Low"
"1075","tattoo associated uveitis","210","0","3","Low"
"1076","tattoo as","210","0","2","Low"
"1077","tattoo asylum edison reviews","210","0","4","Low"
"1078","tattoo bbq","210","0","2","Low"
"1079","tattoo bible quotes","210","0","3","Low"
"1080","tattoo box","210","0.97","2","Medium"
"1081","tattoo bmx","210","0","2","Low"
"1082","tattoo bristol","210","0","2","Low"
"1083","tattoo by loreen lyrics","210","0","4","Low"
"1084","tattoo certification online","210","2.33","3","Medium"
"1085","tattoo chinatown","210","1.18","2","Low"
"1086","tattoo cnc","210","5.97","2","High"
"1087","tattoo dna helix","210","0","3","Low"
"1088","tattoo smudge","210","0","2","Low"
"1089","tattoo el paso","210","1.96","3","Medium"
"1090","tattoo essence","210","0","2","Low"
"1091","tattoo everything","210","0","2","Low"
"1092","tattoo expo slc","210","0","3","Low"
"1093","tattoo fading over time","210","0","4","Low"
"1094","tattoo eyeshadow","210","1.59","2","High"
"1095","tattoo fort smith ar","210","0","4","Low"
"1096","tattoo garden","210","0","2","Low"
"1097","tattoo galway","210","0","2","Low"
"1098","tattoo gardan","210","0","2","Low"
"1099","tattoo gpt","210","1.25","2","Low"
"1100","tattoo god is greater than","210","0","5","Medium"
"1101","tattoo gta 5","210","0","3","Low"
"1102","tattoo grip","210","1.16","2","High"
"1103","tattoo hut","210","1.67","2","Low"
"1104","tattoo ice","210","0","2","Low"
"1105","tattoo iran","210","0","2","Low"
"1106","tattoo itchy under saniderm","210","0","4","Low"
"1107","tattoo iowa city","210","0","3","Low"
"1108","tattoo ivy leaves","210","0","3","Low"
"1109","tattoo kingston","210","0","2","Low"
"1110","tattoo kyle tx","210","1.13","3","Low"
"1111","tattoo liner maybelline","210","1.46","3","High"
"1112","tattoo maori","210","0","2","Low"
"1113","tattoo mckinney","210","2.37","2","Low"
"1114","tattoo mckinney tx","210","2.37","3","Low"
"1115","tattoo monkey","210","2.18","2","Low"
"1116","tattoo nv","210","0","2","Low"
"1117","tattoo ocala","210","1.12","2","Low"
"1118","tattoo ocala fl","210","1.12","3","Low"
"1119","tattoo odessa tx","210","0","3","Low"
"1120","tattoo oozing","210","0","2","Low"
"1121","tattoo open","210","3.47","2","Low"
"1122","tattoo over burn scar","210","0","4","Low"
"1123","tattoo over tummy tuck scar","210","0","5","Low"
"1124","tattoo petpet paint brush","210","0","4","Low"
"1125","tattoo skin practice","210","0.58","3","High"
"1126","tattoo society magazine","210","0","3","Low"
"1127","tattoo sweaters","210","2","2","High"
"1128","tattoo tape cover","210","0.59","3","High"
"1129","tattoo tip amount","210","0","3","Low"
"1130","tattoo top","210","0","2","High"
"1131","tattoo typography","210","0","2","Low"
"1132","tattoo advice","170","0.82","2","Low"
"1133","tattoo addiction reviews","170","0","3","Low"
"1134","tattoo amazon","170","0.25","2","High"
"1135","tattoo avondale","170","1.49","2","Low"
"1136","tattoo ave fenix","170","0","3","Low"
"1137","tattoo away","170","7.92","2","Low"
"1138","tattoo aztec ii","170","0","3","Low"
"1139","tattoo black and grey","170","0","4","Low"
"1140","tattoo brighton","170","1.94","2","Low"
"1141","tattoo benefits","170","0","2","Low"
"1142","tattoo cc","170","0","2","Low"
"1143","tattoo dog design","170","0","3","Medium"
"1144","tattoo documentary","170","0","2","Low"
"1145","tattoo editor app","170","2.1","3","Medium"
"1146","tattoo editing app","170","2.1","3","Medium"
"1147","tattoo eureka springs","170","0","3","Low"
"1148","tattoo eureka springs ar","170","0","4","Low"
"1149","tattoo festival ohio","170","1.44","3","Low"
"1150","tattoo full body","170","0","3","Low"
"1151","tattoo generator from photo","170","1.59","4","Medium"
"1152","tattoo ghost","170","0","2","Low"
"1153","tattoo graffiti","170","0","2","Low"
"1154","tattoo hd","170","0","2","Low"
"1155","tattoo hp","170","0","2","Low"
"1156","tattoo hypertrophic scar","170","0","3","Low"
"1157","tattoo hot to touch","170","0.21","4","Low"
"1158","tattoo illness","170","0","2","Low"
"1159","tattoo itching after years","170","0","4","Low"
"1160","tattoo jigsaw puzzle","170","0","3","Low"
"1161","tattoo jpg","170","2.35","2","Low"
"1162","tattoo khanda","170","0","2","Low"
"1163","tattoo kyoto","170","0","2","Low"
"1164","tattoo kyoto japan","170","0","3","Low"
"1165","tattoo koi fish","170","0","3","Low"
"1166","tattoo malaysia","170","0","2","Low"
"1167","tattoo mcallen tx","170","1.41","3","Low"
"1168","tattoo mcallen","170","1.41","2","Low"
"1169","tattoo maker ai","170","1.51","3","Medium"
"1170","tattoo military","170","0","2","Low"
"1171","tattoo mahadev","170","0","2","Low"
"1172","tattoo mri safety","170","0","3","Low"
"1173","tattoo mri burn","170","0","3","Low"
"1174","tattoo mtl","170","0","2","Low"
"1175","tattoo nightmares cast","170","0","3","Low"
"1176","tattoo octopus","170","0","2","Low"
"1177","tattoo om","170","0","2","Low"
"1178","tattoo open late","170","2.76","3","Medium"
"1179","tattoo open late near me","170","2.77","5","Medium"
"1180","tattoo ornaments","170","0","2","Low"
"1181","tattoo outlines for women","170","0","4","Low"
"1182","tattoo over birthmark","170","0","3","Low"
"1183","tattoo oxnard","170","5.44","2","Low"
"1184","tattoo quiz","170","1.31","2","Low"
"1185","tattoo queen","170","2.6","2","Low"
"1186","tattoo raised after years","170","0","4","Low"
"1187","tattoo rammstein lyrics","170","0","3","Low"
"1188","tattoo rash bumps","170","0","3","Low"
"1189","tattoo round","170","0","2","Low"
"1190","tattoo rum","170","1.76","2","Medium"
"1191","tattoo skill cheat sims 4","170","0","5","Low"
"1192","tattoo sleeve designer","170","1.49","3","Low"
"1193","tattoo svg","170","1.54","2","Medium"
"1194","tattoo sydney","170","0.83","2","Low"
"1195","tattoo theory","170","1","2","Low"
"1196","tattoo training near me","170","1.51","4","Low"
"1197","tattoo tutorial","170","1.6","2","Low"
"1198","tattoo tubes","170","1.79","2","High"
"1199","tattoo rosa","140","0","2","Medium"
"1200","tattoo alternatives","140","0.47","2","Low"
"1201","tattoo and mri scan","140","0","4","Low"
"1202","tattoo bd","140","0","2","Low"
"1203","tattoo bg","140","0","2","Low"
"1204","tattoo brow maybelline","140","1.09","3","High"
"1205","tattoo by","140","0","2","Low"
"1206","tattoo cc sims 4","140","0","4","Low"
"1207","tattoo chiang mai","140","0","3","Low"
"1208","tattoo dad designs","140","0","3","Low"
"1209","tattoo dressing","140","0.83","2","High"
"1210","tattoo egipcio","140","0","2","Low"
"1211","tattoo effect on immune system","140","0","5","Low"
"1212","tattoo elgin","140","0","2","Low"
"1213","tattoo epidural","140","0","2","Low"
"1214","tattoo etiquette","140","0.09","2","Low"
"1215","tattoo fixers cast","140","0","3","Low"
"1216","tattoo haram","140","0","2","Low"
"1217","tattoo hbk","140","0","2","Low"
"1218","tattoo glue","140","0","2","Low"
"1219","tattoo illustration","140","1.64","2","Low"
"1220","tattoo itching like crazy","140","0.22","4","Low"
"1221","tattoo itchy under second skin","140","0","5","Low"
"1222","tattoo iphone wallpaper","140","0","3","Low"
"1223","tattoo jeans","140","0","2","High"
"1224","tattoo junkies","140","0","2","Low"
"1225","tattoo korean","140","1.32","2","Low"
"1226","tattoo mini","140","0","2","Medium"
"1227","tattoo mri scan","140","0","3","Low"
"1228","tattoo mt pleasant mi","140","0","4","Low"
"1229","tattoo mtv","140","0","2","Low"
"1230","tattoo my name","140","0.97","3","Low"
"1231","tattoo nd","140","0","2","Low"
"1232","tattoo northampton","140","0","2","Low"
"1233","tattoo orchids","140","0","2","Low"
"1234","tattoo orange","140","0","2","Low"
"1235","tattoo quote price","140","4.42","3","Low"
"1236","tattoo rate","140","1.4","2","Low"
"1237","tattoo southampton","140","0","2","Low"
"1238","tattoo sri lanka","140","0","3","Low"
"1239","tattoo twin falls","140","6.52","3","Low"
"1240","tattoo tx","140","2.26","2","Low"
"1241","tattoo academy near me","110","1.26","4","Medium"
"1242","tattoo abbreviation","110","0","2","Low"
"1243","tattoo ai creator","110","2.07","3","Medium"
"1244","tattoo aquarius zodiac sign","110","0","4","Medium"
"1245","tattoo apocalypse anime","110","0","3","Low"
"1246","tattoo birthday cake","110","0","3","Low"
"1247","tattoo bubble gum","110","0","3","Low"
"1248","tattoo cda idaho","110","1.22","3","Low"
"1249","tattoo city lockport","110","2.45","3","Low"
"1250","tattoo cyprus","110","0","2","Low"
"1251","tattoo day 4","110","0.06","3","Low"
"1252","tattoo dnd 5e","110","0","3","Low"
"1253","tattoo dx","110","0","2","Low"
"1254","tattoo edinburgh 2026","110","1.89","3","Low"
"1255","tattoo egypt","110","0","2","Low"
"1256","tattoo elbow","110","0","2","Low"
"1257","tattoo enhancer","110","2.43","2","High"
"1258","tattoo essentials","110","0.88","2","High"
"1259","tattoo establishment license florida","110","11.94","4","Low"
"1260","tattoo expo 2026 near me","110","1.78","5","Low"
"1261","tattoo family design","110","0","3","Medium"
"1262","tattoo green","110","0","2","Low"
"1263","tattoo gym","110","0.07","2","Low"
"1264","tattoo glasgow","110","1.22","2","Low"
"1265","tattoo glitter","110","0.51","2","High"
"1266","tattoo hider","110","0.8","2","High"
"1267","tattoo hyperpigmentation","110","0","2","Low"
"1268","tattoo ho chi minh","110","3.17","4","Low"
"1269","tattoo iban","110","0","2","Low"
"1270","tattoo irritation bumps","110","0","3","Low"
"1271","tattoo ipad app","110","1.56","3","Low"
"1272","tattoo jungle calera","110","0","3","Low"
"1273","tattoo lucky","110","0","2","Low"
"1274","tattoo lotus","110","0","2","Medium"
"1275","tattoo making","110","1.04","2","Low"
"1276","tattoo mbk","110","0","2","Low"
"1277","tattoo montreal","110","0","2","Low"
"1278","tattoo mexicali","110","0","2","Low"
"1279","tattoo my photo","110","1.38","3","Low"
"1280","tattoo ink made of","110","0","4","Low"
"1281","tattoo not healing properly","110","0","4","Low"
"1282","tattoo not peeling","110","0","3","Low"
"1283","tattoo nz","110","0","2","Low"
"1284","tattoo ocean","110","0","2","Low"
"1285","tattoo of us","110","0","3","Low"
"1286","tattoo ojo de horus","110","0","4","Low"
"1287","tattoo options","110","0","2","Low"
"1288","tattoo open sunday","110","1.43","3","Low"
"1289","tattoo oxford ms","110","0","3","Low"
"1290","tattoo owensboro ky","110","0","3","Low"
"1291","tattoo pdf","110","0","2","Low"
"1292","tattoo poster","110","0.4","2","Medium"
"1293","tattoo semi permanent","110","1.03","3","High"
"1294","tattoo second skin removal","110","3.32","4","Low"
"1295","tattoo sf","110","2.61","2","Medium"
"1296","tattoo snap","110","0","2","Low"
"1297","tattoo symbols and their meanings","110","0","5","Low"
"1298","tattoo tcb elvis","110","0","3","Low"
"1299","tattoo trends 2026","110","0","3","Low"
"1300","tattoo shop singapore","90","0.8","3","Medium"
"1301","tattoo ak 47 drawing","90","0","4","Low"
"1302","tattoo ai master","90","1.36","3","Low"
"1303","tattoo artist singapore","90","0.82","3","Medium"
"1304","tattoo birthday card","90","0.43","3","High"
"1305","tattoo cyber","90","0","2","Low"
"1306","tattoo cyberpunk","90","0","2","Low"
"1307","tattoo darwin","90","0","2","Low"
"1308","tattoo scabbing stage","90","0.11","3","Low"
"1309","tattoo dnd","90","0","2","Low"
"1310","tattoo studio singapore","90","0.82","3","Medium"
"1311","tattoo embroidery designs","90","0","3","Medium"
"1312","tattoo eurovision","90","0","2","Low"
"1313","tattoo eureka ca","90","0","3","Low"
"1314","tattoo fbi","90","0","2","Low"
"1315","tattoo full arm","90","0","3","Low"
"1316","tattoo fx","90","1.34","2","High"
"1317","tattoo group","90","0","2","Low"
"1318","tattoo hyannis","90","0","2","Low"
"1319","tattoo kc","90","0","2","Low"
"1320","tattoo ls","90","0","2","Low"
"1321","tattoo no braço","90","0","3","Low"
"1322","tattoo ocean shores","90","1.04","3","Low"
"1323","tattoo ointment walgreens","90","0.66","3","High"
"1324","tattoo ointment cvs","90","1.11","3","High"
"1325","tattoo owasso","90","1.24","2","Low"
"1326","tattoo parlour singapore","90","0.82","3","Medium"
"1327","tattoo russian band","90","0","3","Low"
"1328","tattoo rv","90","0","2","Low"
"1329","tattoo sizes in cm","90","0","4","Low"
"1330","tattoo snacks","90","0","2","Low"
"1331","tattoo squad board game","90","0","4","Low"
"1332","tattoo tab","90","0.62","2","High"
"1333","tattoo tm","90","0","2","Low"
"1334","tattoo toronto","90","1.25","2","Medium"
"1335","tattoo shops singapore","90","0.8","3","Medium"
"1336","tattoo tt","90","0","2","Low"
"1337","tattoo turning white","90","0","3","Low"
"1338","tattoo turning green","90","0","3","Low"
"1339","tattoo two words in one","90","0","5","Low"
"1340","tattoo dragon ball","70","0","3","Low"
"1341","tattoo aberdeen","70","0","2","Low"
"1342","tattoo above navel","70","0","3","Low"
"1343","tattoo ak47","70","0","2","Low"
"1344","tattoo aquarius","70","0","2","Low"
"1345","tattoo aquaphor how long","70","0.06","4","Low"
"1346","tattoo song loreen","70","0","3","Low"
"1347","tattoo avenue reviews","70","0","3","Low"
"1348","tattoo avon","70","0","2","Low"
"1349","tattoo auckland","70","0","2","Medium"
"1350","tattoo australia","70","0","2","Low"
"1351","tattoo by jordin sparks","70","0","4","Low"
"1352","tattoo club amsterdam","70","0","3","Low"
"1353","tattoo circle design","70","0","3","Low"
"1354","tattoo cigarette flashes fisher","70","0","4","Low"
"1355","tattoo cigarettes","70","0","2","Low"
"1356","tattoo colour","70","0","2","Low"
"1357","tattoo cm","70","0","2","Low"
"1358","tattoo cyberpunk 2077","70","0","3","Low"
"1359","tattoo disadvantages","70","0.04","2","Low"
"1360","tattoo do","70","2.91","2","Low"
"1361","tattoo dvd","70","0","2","Low"
"1362","tattoo effect on blood","70","0","4","Low"
"1363","tattoo elite","70","0","2","Low"
"1364","tattoo emoji iphone","70","0","3","Low"
"1365","tattoo enhancing cream","70","1.87","3","High"
"1366","tattoo equipment shop near me","70","0.86","5","High"
"1367","tattoo equipment list","70","0.7","3","High"
"1368","tattoo essex","70","0","2","Low"
"1369","tattoo establishment license","70","0","3","Low"
"1370","tattoo escondido","70","3.23","2","Medium"
"1371","tattoo events this weekend","70","1.7","4","Low"
"1372","tattoo evolution","70","0","2","Low"
"1373","tattoo house near me","70","1.35","4","Medium"
"1374","tattoo ibiza","70","0","2","Low"
"1375","tattoo ibuprofen","70","0","2","Low"
"1376","tattoo illegal in korea","70","0","4","Low"
"1377","tattoo irvine","70","2.05","2","Medium"
"1378","tattoo iron on patches","70","0.31","4","High"
"1379","tattoo itchy after 3 days","70","0","5","Low"
"1380","tattoo iphone","70","0","2","Low"
"1381","tattoo jordin sparks","70","0","3","Low"
"1382","tattoo karma","70","0","2","Low"
"1383","tattoo jungle perfume","70","1.37","3","High"
"1384","tattoo klamath falls","70","0","3","Low"
"1385","tattoo kw","70","0","2","Low"
"1386","tattoo leaves design","70","0","3","Low"
"1387","tattoo lv","70","0","2","Low"
"1388","tattoo mcdonough ga","70","1.49","3","Medium"
"1389","tattoo mcr","70","0","2","Low"
"1390","tattoo mcminnville oregon","70","0","3","Medium"
"1391","tattoo medusa meaning","70","0","3","Low"
"1392","tattoo mn","70","0","2","Low"
"1393","tattoo mvp","70","0","2","Low"
"1394","tattoo normal","70","0","2","Low"
"1395","tattoo not permanent","70","0.61","3","High"
"1396","tattoo ns","70","2.29","2","Low"
"1397","tattoo nz auckland","70","0","3","Medium"
"1398","tattoo ocean springs","70","0","3","Low"
"1399","tattoo ogre","70","0","2","Low"
"1400","tattoo ointment near me","70","0.49","4","High"
"1401","tattoo open today","70","2.17","3","Low"
"1402","tattoo organizer","70","0.69","2","High"
"1403","tattoo oshkosh","70","0","2","Low"
"1404","tattoo outline generator","70","1.96","3","Low"
"1405","tattoo ottawa","70","0","2","Low"
"1406","tattoo rca cord","70","1.45","3","High"
"1407","tattoo rfid","70","0","2","Low"
"1408","tattoo rhymes","70","0","2","Low"
"1409","tattoo rose hand","70","0","3","Low"
"1410","tattoo tv series","70","0","3","Low"
"1411","tattoo tktx","70","1.82","2","High"
"1412","tattoo tv programme","70","0","3","Low"
"1413","tattoo types for men","70","0","4","Low"
"1414","tattoo new","50","0","2","Low"
"1415","tattoo ace","50","0","2","Low"
"1416","tattoo accessories near me","50","1.21","4","High"
"1417","tattoo adhesive film","50","0.76","3","High"
"1418","tattoo awards","50","0","2","Low"
"1419","tattoo aztec ideas","50","0","3","Low"
"1420","tattoo birthday party","50","1.16","3","High"
"1421","tattoo bjorn","50","0","2","Low"
"1422","tattoo brisbane","50","0","2","Low"
"1423","tattoo captions for instagram","50","0","4","Low"
"1424","tattoo central coast","50","0","3","Low"
"1425","tattoo cebu","50","0","2","Low"
"1426","tattoo bts","50","0","2","Low"
"1427","tattoo city walk","50","1.36","3","Low"
"1428","tattoo db","50","0","2","Low"
"1429","tattoo dad and daughter","50","0","4","Low"
"1430","tattoo dot work","50","0","3","Low"
"1431","tattoo dunedin","50","2.27","2","Medium"
"1432","tattoo dysmorphia","50","0","2","Low"
"1433","tattoo dye","50","0","2","Low"
"1434","tattoo eagle design","50","0","3","High"
"1435","tattoo effects","50","0","2","Low"
"1436","tattoo estes park","50","1.47","3","Low"
"1437","tattoo fbi show","50","0","3","Low"
"1438","tattoo friendly onsen sapporo","50","0","4","Low"
"1439","tattoo gta","50","0","2","Low"
"1440","tattoo haram in islam","50","0","4","Low"
"1441","tattoo gloucester","50","0","2","Low"
"1442","tattoo hide cream","50","0.6","3","High"
"1443","tattoo hm","50","0","2","Low"
"1444","tattoo hunter","50","0","2","Low"
"1445","tattoo hygiene","50","0","2","Low"
"1446","tattoo icd 10","50","0","3","Low"
"1447","tattoo iris","50","0","2","Low"
"1448","tattoo itchy after months","50","0","4","Low"
"1449","tattoo ipad","50","1.62","2","Low"
"1450","tattoo james bond","50","0","3","Low"
"1451","tattoo jl","50","0","2","Low"
"1452","tattoo john wick","50","0","3","Low"
"1453","tattoo png transparent background","50","0","4","Low"
"1454","tattoo justin bieber","50","0","3","Low"
"1455","tattoo kpop demon hunters","50","0","4","Medium"
"1456","tattoo ktm","50","0","2","Low"
"1457","tattoo kuala lumpur","50","0","3","Low"
"1458","tattoo ks","50","0","2","Low"
"1459","tattoo lzzy hale","50","0","3","Low"
"1460","tattoo lyrics english","50","0","3","Low"
"1461","tattoo mcwilliams","50","0","2","Low"
"1462","tattoo md","50","0","2","Low"
"1463","tattoo middle of chest","50","0","4","Low"
"1464","tattoo mt vernon","50","0","3","Low"
"1465","tattoo myths","50","0","2","Low"
"1466","tattoo nc","50","0","2","Low"
"1467","tattoo no pescoço","50","0","3","Low"
"1468","tattoo nx3","50","1.37","2","High"
"1469","tattoo oasis","50","0","2","Low"
"1470","tattoo oak park","50","0","3","Medium"
"1471","tattoo obx","50","0","2","Low"
"1472","tattoo oozing plasma","50","0","3","Low"
"1473","tattoo ole","50","0","2","Low"
"1474","tattoo old town","50","1.42","3","Medium"
"1475","tattoo or tatoo","50","0","3","Low"
"1476","tattoo owala","50","0.26","2","High"
"1477","tattoo pf2e","50","0","2","Low"
"1478","tattoo pfp","50","0","2","Low"
"1479","tattoo pflugerville","50","2.12","2","Medium"
"1480","tattoo pt","50","0","2","Low"
"1481","tattoo pyramid","50","0","2","Low"
"1482","tattoo qatar","50","0","2","Low"
"1483","tattoo rye","50","0","2","Low"
"1484","tattoo symbols and meanings for females","50","0","6","Low"
"1485","tattoo tv","50","0","2","Low"
"1486","tattoo thai","50","0","2","Low"
"1487","tattoo ubud","50","0.87","2","Low"
"1488","tattoo according to bible","40","0","4","Low"
"1489","tattoo aesthetic men","40","0","3","Low"
"1490","tattoo age uk","40","0","3","Low"
"1491","tattoo avenue chicago","40","0","3","Low"
"1492","tattoo avatar","40","0","2","Low"
"1493","tattoo bjd","40","0","2","Low"
"1494","tattoo cda","40","0","2","Low"
"1495","tattoo city lansing","40","0","3","Low"
"1496","tattoo dave","40","0","2","Low"
"1497","tattoo dog memorial","40","0","3","Medium"
"1498","tattoo ebay","40","0","2","High"
"1499","tattoo electric","40","0","2","Low"
"1500","tattoo everything supplies","40","1.08","3","High"
"1501","tattoo friendly onsen hokkaido","40","0","4","Low"
"1502","tattoo hydration","40","2.19","2","High"
"1503","tattoo hyde park","40","0","3","Low"
"1504","tattoo if not now then when","40","0","6","Medium"
"1505","tattoo io","40","0","2","Low"
"1506","tattoo ivy vine","40","0","3","Low"
"1507","tattoo jjba","40","0","2","Low"
"1508","tattoo jersey","40","0","2","Low"
"1509","tattoo jw","40","0","2","Low"
"1510","tattoo jungle reviews","40","0","3","Low"
"1511","tattoo kmart","40","0","2","Low"
"1512","tattoo krakow","40","0","2","Low"
"1513","tattoo llc","40","0","2","Low"
"1514","tattoo ink immune system","40","0","4","Low"
"1515","tattoo nx3 52 300","40","1.77","4","High"
"1516","tattoo nx3 softballs","40","2.82","3","High"
"1517","tattoo okinawa japan","40","0","3","Low"
"1518","tattoo oslo","40","0","2","Low"
"1519","tattoo oxford","40","0","2","Low"
"1520","tattoo psychology","40","0","2","Low"
"1521","tattoo queenstown","40","0","2","Low"
"1522","tattoo rules in japan","40","0","4","Low"
"1523","tattoo tv character","40","0","3","Low"
"1524","tattoo tea party","40","0","3","Low"
"1525","tattoo tulum","40","0","2","Low"
"1526","tattoo shop near me danish tattooz house","30","0","7","Low"
"1527","tattoo adelaide","30","0","2","Low"
"1528","tattoo abu dhabi","30","0","3","Low"
"1529","tattoo ajax","30","0","2","Low"
"1530","tattoo ai design free","30","1.6","4","Medium"
"1531","tattoo amsterdam walk in","30","0","4","Low"
"1532","tattoo bbb","30","0","2","Low"
"1533","tattoo birthday ideas","30","0","3","High"
"1534","tattoo birthday numbers","30","0","3","Medium"
"1535","tattoo bff","30","0","2","Low"
"1536","tattoo cdmx","30","0","2","Low"
"1537","tattoo ct scan","30","0","3","Low"
"1538","tattoo dog ideas","30","0","3","Low"
"1539","tattoo dna","30","0","2","Low"
"1540","tattoo dundalk","30","0","2","Low"
"1541","tattoo dyersburg tn","30","0","3","Low"
"1542","tattoo ecuador","30","0","2","Low"
"1543","tattoo eclipse","30","0","2","Low"
"1544","tattoo effect photoshop","30","0","3","Low"
"1545","tattoo effect on health","30","0","4","Low"
"1546","tattoo effects on skin","30","0","4","Low"
"1547","tattoo emoji copy and paste","30","0","5","Low"
"1548","tattoo entfernung","30","0","2","Low"
"1549","tattoo equipment storage","30","0.83","3","High"
"1550","tattoo essay","30","0","2","Low"
"1551","tattoo eureka","30","0","2","Low"
"1552","tattoo fb","30","0","2","Low"
"1553","tattoo ffxiv","30","0","2","Low"
"1554","tattoo full hand","30","0","3","Low"
"1555","tattoo gpt free","30","1.36","3","Medium"
"1556","tattoo gk","30","0","2","Low"
"1557","tattoo gnome","30","0","2","Low"
"1558","tattoo gypsy","30","0","2","Low"
"1559","tattoo hanoi","30","5.27","2","High"
"1560","tattoo hd images","30","0","3","Low"
"1561","tattoo hd photo","30","0","3","Low"
"1562","tattoo hq","30","1.4","2","Low"
"1563","tattoo hq chesterfield","30","1.4","3","Low"
"1564","tattoo hub","30","0","2","Low"
"1565","tattoo hysteria amsterdam","30","0","3","Low"
"1566","tattoo hobart","30","0","2","Low"
"1567","tattoo ignorant style","30","0","3","Low"
"1568","tattoo iron man","30","0","3","Low"
"1569","tattoo iphone case","30","0.89","3","High"
"1570","tattoo is good or bad","30","0","5","Low"
"1571","tattoo jjk","30","0","2","Low"
"1572","tattoo png images","30","0","3","Low"
"1573","tattoo jk rowling","30","0","3","Low"
"1574","tattoo jungkook","30","0","2","Low"
"1575","tattoo kjv","30","0","2","Low"
"1576","tattoo kpop","30","0","2","Low"
"1577","tattoo koh samui","30","1.68","3","Medium"
"1578","tattoo least painful areas","30","0","4","Low"
"1579","tattoo lh","30","0","2","Low"
"1580","tattoo luffy","30","0","2","Low"
"1581","tattoo loreen chords","30","0","3","Low"
"1582","tattoo loreen original song","30","0","4","Low"
"1583","tattoo lyrics english meaning","30","0","4","Low"
"1584","tattoo lyrics meaning","30","0","3","Low"
"1585","tattoo mgk","30","0","2","Low"
"1586","tattoo ml","30","0","2","Low"
"1587","tattoo maker near me","30","2.09","4","Medium"
"1588","tattoo mom dad","30","0","3","Low"
"1589","tattoo mma fighter","30","0","3","Low"
"1590","tattoo ms","30","0","2","Low"
"1591","tattoo norwich","30","0","2","Low"
"1592","tattoo obsession","30","0","2","Low"
"1593","tattoo objects","30","0","2","Low"
"1594","tattoo oozing ink","30","0","3","Low"
"1595","tattoo oozing yellow","30","0","3","Low"
"1596","tattoo oriental","30","0","2","Low"
"1597","tattoo origin word","30","0","3","Low"
"1598","tattoo ottawa il","30","0","3","Low"
"1599","tattoo ozzy","30","0","2","Low"
"1600","tattoo pcb","30","0","2","Low"
"1601","tattoo punks the fest","30","0.75","4","Low"
"1602","tattoo rd","30","0","2","Low"
"1603","tattoo rl","30","0","2","Low"
"1604","tattoo rosies","30","0","2","Low"
"1605","tattoo rx","30","5.17","2","Medium"
"1606","tattoo second skin bubble","30","0","4","Low"
"1607","tattoo ryan ashley","30","0","3","Low"
"1608","tattoo swelling after years","30","0","4","Low"
"1609","tattoo svg free","30","1","3","Low"
"1610","tattoo tmnt figure","30","0","3","High"
"1611","tattoo twitter","30","0","2","Low"
"1612","tattoo tyger claws dermal imprint","30","0","5","Low"
"1613","tattoo aarhus","20","0","2","Low"
"1614","tattoo ak","20","0","2","Low"
"1615","tattoo alert manhwa","20","0","3","Low"
"1616","tattoo all","20","0","2","Low"
"1617","tattoo aquarela","20","0","2","Low"
"1618","tattoo avant bras homme","20","0","4","High"
"1619","tattoo awakening","20","0","2","Low"
"1620","tattoo away near me","20","11.61","4","Medium"
"1621","tattoo axolotl","20","0","2","Low"
"1622","tattoo aztec ii reviews","20","0","4","Low"
"1623","tattoo aztec kinston nc","20","0","4","Low"
"1624","tattoo birthday design","20","0","3","Medium"
"1625","tattoo belfast","20","0","2","Low"
"1626","tattoo central","20","0","2","Low"
"1627","tattoo cfh","20","0","2","Low"
"1628","tattoo colour songs","20","0","3","Low"
"1629","tattoo cv","20","0","2","Low"
"1630","tattoo cyber sigilism back","20","0","4","Low"
"1631","tattoo cyber sigilism hand","20","0","4","Low"
"1632","tattoo czech symbols and meanings","20","0","5","Low"
"1633","tattoo daruma","20","0","2","Low"
"1634","tattoo dbz","20","0","2","Low"
"1635","tattoo dad and son","20","0","4","Low"
"1636","tattoo dad jokes","20","0","3","Low"
"1637","tattoo dog harness","20","0.54","3","High"
"1638","tattoo dmv","20","1.36","2","Medium"
"1639","tattoo dundee","20","0","2","Low"
"1640","tattoo dybala","20","0","2","Low"
"1641","tattoo echo park","20","2.16","3","Medium"
"1642","tattoo ebooks","20","0","2","Low"
"1643","tattoo effects on the body","20","0","5","Low"
"1644","tattoo effingham il","20","0","3","Low"
"1645","tattoo ellie","20","0","2","Low"
"1646","tattoo eraser near me","20","12.62","4","High"
"1647","tattoo eraser cream","20","3.03","3","High"
"1648","tattoo etching style","20","0","3","Low"
"1649","tattoo eternity","20","0","2","Low"
"1650","tattoo events 2026","20","0","3","Low"
"1651","tattoo euphoria","20","0","2","Low"
"1652","tattoo fma","20","0","2","Low"
"1653","tattoo ft fabo","20","0","3","Low"
"1654","tattoo friendly onsen fukuoka","20","0","4","Low"
"1655","tattoo full","20","0","2","Low"
"1656","tattoo fx owensboro","20","0","3","Low"
"1657","tattoo fnaf","20","0","2","Low"
"1658","tattoo gym guy","20","0","3","Low"
"1659","tattoo hc","20","0","2","Low"
"1660","tattoo hull","20","0","2","Low"
"1661","tattoo hyderabad","20","0","2","Low"
"1662","tattoo hxh","20","0","2","Low"
"1663","tattoo illustration style","20","0","3","Medium"
"1664","tattoo illegal in texas","20","0","4","Low"
"1665","tattoo imagine","20","0","2","Low"
"1666","tattoo jakarta","20","0","2","Low"
"1667","tattoo jinx","20","0","2","Low"
"1668","tattoo kelowna","20","0","2","Low"
"1669","tattoo kettering","20","0","2","Low"
"1670","tattoo junction","20","0","2","Low"
"1671","tattoo jujutsu kaisen","20","0","3","Low"
"1672","tattoo kit price","20","0","3","High"
"1673","tattoo kuwait","20","0","2","Low"
"1674","tattoo lgbt","20","0","2","Low"
"1675","tattoo places singapore","20","0","3","Low"
"1676","tattoo luxembourg","20","0","2","Low"
"1677","tattoo ltd","20","0","2","Low"
"1678","tattoo mchenry","20","0","2","Low"
"1679","tattoo mfg","20","0","2","Low"
"1680","tattoo memento vivere","20","0","3","Low"
"1681","tattoo md chicago","20","0","3","Low"
"1682","tattoo mk","20","0","2","Low"
"1683","tattoo minimalist design","20","0","3","Low"
"1684","tattoo minimal design","20","0","3","Low"
"1685","tattoo mehndi","20","0","2","Medium"
"1686","tattoo mrt","20","0","2","Low"
"1687","tattoo mr roarke","20","0","3","Low"
"1688","tattoo mxka","20","0","2","Low"
"1689","tattoo mumbai","20","0","2","Low"
"1690","tattoo numbing cream uk","20","2.2","4","High"
"1691","tattoo odyssey photos","20","0","3","Low"
"1692","tattoo ointment cream","20","0","3","High"
"1693","tattoo ojos","20","0","2","Low"
"1694","tattoo ojo turco","20","0","3","Low"
"1695","tattoo ombre brows","20","0","3","High"
"1696","tattoo options for men","20","0","4","Medium"
"1697","tattoo otf","20","0","2","Low"
"1698","tattoo oxford ohio","20","0","3","Low"
"1699","tattoo pdx","20","0.84","2","Medium"
"1700","tattoo phuket","20","0","2","Medium"
"1701","tattoo punjabi style","20","0","3","Low"
"1702","tattoo qos","20","0","2","Low"
"1703","tattoo quito","20","0","2","Low"
"1704","tattoo riga","20","0","2","Low"
"1705","tattoo seminyak","20","0.9","2","Medium"
"1706","tattoo sd","20","2.4","2","Medium"
"1707","tattoo squad","20","0","2","Low"
"1708","tattoo swansea","20","0","2","Low"
"1709","tattoo supplies uk","20","0","3","High"
"1710","tattoo sv","20","0","2","Low"
"1711","tattoo svg designs","20","0","3","High"
"1712","tattoo tv show character","20","0","4","Low"
"1713","tattoo two bands around forearm","20","0","5","Low"
"1714","tattoo expo 2022","10","0","3","Low"
"1715","tattoo 2022","10","0","2","Low"
"1716","tattoo name design in hand","10","0","5","Medium"
"1717","tattoo removal singapore","10","0","3","Medium"
"1718","tattoo johor bahru","10","0","3","Low"
"1719","tattoo aai baba","10","0","3","Low"
"1720","tattoo aai","10","0","2","Low"
"1721","tattoo aachen","10","0","2","Low"
"1722","tattoo aalborg","10","0","2","Medium"
"1723","tattoo aarti","10","0","2","Low"
"1724","tattoo aalst","10","0","2","Low"
"1725","tattoo according to zodiac sign","10","0","5","Low"
"1726","tattoo aesthetic mehndi design","10","0","4","Low"
"1727","tattoo aesthetic design","10","0","3","Low"
"1728","tattoo aesthetic mehndi design back hand","10","0","6","Low"
"1729","tattoo aesthetic bow mehndi design","10","0","5","Low"
"1730","tattoo aesthetic mehndi design pinterest","10","0","5","Low"
"1731","tattoo aftercare cream watson","10","0","4","Low"
"1732","tattoo aftercare uk","10","0","3","Low"
"1733","tattoo adda","10","0","2","Low"
"1734","tattoo age limit singapore","10","0","4","Low"
"1735","tattoo age singapore","10","0","3","Low"
"1736","tattoo age in spain","10","0","4","Low"
"1737","tattoo shop in jb","10","0","4","Low"
"1738","tattoo shop lucky plaza","10","0","4","Low"
"1739","tattoo shop in johor bahru","10","0","5","Low"
"1740","tattoo shop in far east plaza","10","0","6","Low"
"1741","tattoo abbotsford","10","0","2","Low"
"1742","tattoo aj","10","0","2","Low"
"1743","tattoo ajay","10","0","2","Low"
"1744","tattoo ajito","10","0","2","Low"
"1745","tattoo aj styles","10","0","3","Low"
"1746","tattoo ajolote azteca","10","0","3","Low"
"1747","tattoo akka","10","0","2","Low"
"1748","tattoo akureyri","10","0","2","Low"
"1749","tattoo akola","10","0","2","Low"
"1750","tattoo akash","10","0","2","Low"
"1751","tattoo ak 47 hand","10","0","4","Low"
"1752","tattoo airlie beach","10","0","3","Low"
"1753","tattoo airdrie","10","0","2","Low"
"1754","tattoo amma","10","0","2","Low"
"1755","tattoo amma designs","10","0","3","Low"
"1756","tattoo am pm","10","0","3","Low"
"1757","tattoo amritsar","10","0","2","Low"
"1758","tattoo aquaman","10","0","2","Low"
"1759","tattoo aquarelle","10","0","2","Low"
"1760","tattoo artist johor bahru","10","0","4","Low"
"1761","tattoo ashram","10","0","2","Low"
"1762","tattoo ao nang","10","0","3","Medium"
"1763","tattoo aot","10","0","2","Low"
"1764","tattoo aosta","10","0","2","Low"
"1765","tattoo apprenticeship singapore","10","0","3","Low"
"1766","tattoo apprentice singapore","10","0","3","Low"
"1767","tattoo apocalypse manhwa","10","0","3","Low"
"1768","tattoo apocalypse manga","10","0","3","Low"
"1769","tattoo at the back for women","10","0","6","Low"
"1770","tattoo athlone","10","0","2","Low"
"1771","tattoo auto detailing","10","0","3","Low"
"1772","tattoo auto detailing sdn bhd","10","0","5","Low"
"1773","tattoo auto detailing pelangi","10","0","4","Low"
"1774","tattoo ausbildung","10","0","2","Low"
"1775","tattoo awakening anime","10","0","3","Low"
"1776","tattoo awakening manga","10","0","3","Low"
"1777","tattoo awakening novel","10","0","3","Low"
"1778","tattoo awards 2025","10","0","3","Low"
"1779","tattoo awards uk","10","0","3","Low"
"1780","tattoo awkarin","10","0","2","Low"
"1781","tattoo batam","10","0","2","Low"
"1782","tattoo back design men","10","0","4","Low"
"1783","tattoo axel","10","0","2","Low"
"1784","tattoo ax","10","0","2","Low"
"1785","tattoo axl","10","0","2","Low"
"1786","tattoo azamgarh","10","0","2","Low"
"1787","tattoo aylesbury","10","0","2","Low"
"1788","tattoo ayr","10","0","2","Low"
"1789","tattoo ayia napa","10","0","3","Low"
"1790","tattoo ayrshire","10","0","2","Low"
"1791","tattoo ayah boss","10","0","3","Low"
"1792","tattoo ayam","10","0","2","Low"
"1793","tattoo ayyappa","10","0","2","Low"
"1794","tattoo bb","10","0","2","Low"
"1795","tattoo bbsr","10","0","2","Low"
"1796","tattoo bbl","10","0","2","Low"
"1797","tattoo bbp course","10","2.51","3","High"
"1798","tattoo birthday roman numerals","10","0","4","Low"
"1799","tattoo bf homes","10","0","3","Low"
"1800","tattoo bff ideas","10","0","3","Low"
"1801","tattoo bf gf","10","0","3","Low"
"1802","tattoo bgc","10","0","2","Low"
"1803","tattoo bg3","10","0","2","Low"
"1804","tattoo bg3 mod","10","0","3","Low"
"1805","tattoo bgmi","10","0","2","Low"
"1806","tattoo bgt","10","0","2","Low"
"1807","tattoo bholenath","10","0","2","Low"
"1808","tattoo bhopal","10","0","2","Low"
"1809","tattoo bhubaneswar","10","0","2","Low"
"1810","tattoo bhai","10","0","2","Low"
"1811","tattoo bhediya","10","0","2","Low"
"1812","tattoo bhagwan","10","0","2","Low"
"1813","tattoo bjork","10","0","2","Low"
"1814","tattoo bjorn ironside","10","0","3","Low"
"1815","tattoo bn","10","0","2","Low"
"1816","tattoo bpm","10","0","2","Low"
"1817","tattoo bp","10","0","2","Low"
"1818","tattoo bpd","10","0","2","Low"
"1819","tattoo bp softballs","10","0","3","High"
"1820","tattoo bp balls","10","0.97","3","High"
"1821","tattoo loreen bpm","10","0","3","Low"
"1822","tattoo bmw","10","0","2","Low"
"1823","tattoo bm","10","0","2","Low"
"1824","tattoo bmth","10","0","2","Low"
"1825","tattoo bmo","10","0","2","Low"
"1826","tattoo bmw logo","10","0","3","Low"
"1827","tattoo bmw e30","10","0","3","Low"
"1828","tattoo bmg","10","0","2","Low"
"1829","tattoo bv","10","0","2","Low"
"1830","tattoo bvb","10","0","2","Low"
"1831","tattoo bepanthen","10","0","2","Low"
"1832","tattoo bw","10","0","2","Low"
"1833","tattoo bxl","10","0","2","Low"
"1834","tattoo bz","10","0","2","Low"
"1835","tattoo by victor ruz","10","0","4","Low"
"1836","tattoo by victor ruz lyrics","10","0","5","Low"
"1837","tattoo by king v","10","0","4","Low"
"1838","tattoo byron bay","10","0","3","Low"
"1839","tattoo car wash","10","0","3","Low"
"1840","tattoo cannot donate blood","10","0","4","Low"
"1841","tattoo car wash johor bahru","10","0","5","Low"
"1842","tattoo car wash price","10","0","4","Low"
"1843","tattoo cc sims 4 patreon","10","0","5","Low"
"1844","tattoo cc folder sims 4","10","0","5","Low"
"1845","tattoo cccp","10","0","2","Low"
"1846","tattoo cctv","10","0","2","Low"
"1847","tattoo centre near me","10","0","4","High"
"1848","tattoo centre","10","0","2","Medium"
"1849","tattoo central benidorm","10","0","3","Low"
"1850","tattoo cdo","10","0","2","Low"
"1851","tattoo cd juarez","10","0","3","Low"
"1852","tattoo cdc","10","0","2","Low"
"1853","tattoo cd","10","0","2","Low"
"1854","tattoo cbum","10","0","2","Low"
"1855","tattoo cb","10","0","2","Low"
"1856","tattoo cbd cream","10","0","3","High"
"1857","tattoo cf","10","0","2","Low"
"1858","tattoo bts ideas","10","0","3","Low"
"1859","tattoo bts army","10","0","3","Low"
"1860","tattoo bts 7","10","0","3","Low"
"1861","tattoo bts jungkook","10","0","3","Low"
"1862","tattoo cj","10","0","2","Low"
"1863","tattoo cj gta","10","0","3","Low"
"1864","tattoo cjng","10","0","2","Low"
"1865","tattoo cg","10","0","2","Low"
"1866","tattoo ck","10","0","2","Low"
"1867","tattoo cnc machine","10","0","3","High"
"1868","tattoo cn","10","0","2","Low"
"1869","tattoo cnblue lyrics","10","0","3","Low"
"1870","tattoo cnn","10","0","2","Low"
"1871","tattoo convention singapore 2026","10","0","4","Low"
"1872","tattoo cost in singapore","10","0","4","Low"
"1873","tattoo convention singapore","10","0","3","Low"
"1874","tattoo cm size","10","0","3","Low"
"1875","tattoo cm size guide","10","0","4","Low"
"1876","tattoo cmyk","10","0","2","Low"
"1877","tattoo cmc","10","0","2","Low"
"1878","tattoo cream bali","10","0","3","Low"
"1879","tattoo cream watsons","10","0","3","Low"
"1880","tattoo cute design","10","0","3","Low"
"1881","tattoo cyber tribal","10","0","3","Low"
"1882","tattoo czcionki","10","0","2","Low"
"1883","tattoo dalam islam","10","0","3","Low"
"1884","tattoo dbd","10","0","2","Low"
"1885","tattoo dbs petition","10","0","3","Low"
"1886","tattoo dad mom","10","0","3","Low"
"1887","tattoo daddy photos","10","0","3","Low"
"1888","tattoo dada perempuan","10","0","3","Low"
"1889","tattoo dc academy","10","0","3","Low"
"1890","tattoo detailing","10","0","2","Low"
"1891","tattoo dog footprint","10","0","3","Medium"
"1892","tattoo dj name","10","0","3","Low"
"1893","tattoo dj panda","10","0","3","Low"
"1894","tattoo djerba","10","0","2","Low"
"1895","tattoo dj tambe","10","0","3","Low"
"1896","tattoo dj song","10","0","3","Low"
"1897","tattoo dk","10","0","2","Low"
"1898","tattoo dnd 2024","10","0","3","Low"
"1899","tattoo dna tree","10","0","3","Low"
"1900","tattoo dn","10","0","2","Low"
"1901","tattoo dp pic","10","0","3","Low"
"1902","tattoo dpr ian","10","0","3","Low"
"1903","tattoo dm","10","0","2","Low"
"1904","tattoo sticker singapore","10","0","3","Low"
"1905","tattoo dwarka","10","0","2","Low"
"1906","tattoo dwarkadhish","10","0","2","Low"
"1907","tattoo dwayne johnson design","10","0","4","Low"
"1908","tattoo dubai","10","0","2","Low"
"1909","tattoo dubbo","10","0","2","Low"
"1910","tattoo dynasty $20 tuesday","10","0","4","Low"
"1911","tattoo dysphoria","10","0","2","Low"
"1912","tattoo eastbourne","10","0","2","Low"
"1913","tattoo easy mehndi design","10","0","4","Low"
"1914","tattoo echuca","10","0","2","Low"
"1915","tattoo ecriture","10","0","2","Medium"
"1916","tattoo eclairs","10","0","2","Low"
"1917","tattoo ecg design","10","0","3","Low"
"1918","tattoo edinburgh restaurant","10","0","3","Low"
"1919","tattoo eden park","10","0","3","Low"
"1920","tattoo removal johor bahru","10","0","4","Low"
"1921","tattoo removal singapore price","10","0","4","Low"
"1922","tattoo removal singapore reddit","10","0","4","Low"
"1923","tattoo dz","10","0","2","Low"
"1924","tattoo dz mafia","10","0","3","Low"
"1925","tattoo dzorga","10","0","2","Low"
"1926","tattoo egg hunt","10","0","3","Low"
"1927","tattoo egham","10","0","2","Low"
"1928","tattoo egyptian gods","10","0","3","Low"
"1929","tattoo eht","10","0","2","Low"
"1930","tattoo ehlers danlos","10","0","3","Low"
"1931","tattoo ehfar","10","0","2","Low"
"1932","tattoo ehering","10","0","2","Low"
"1933","tattoo ehingen","10","0","2","Low"
"1934","tattoo ebel cobra","10","0","3","Low"
"1935","tattoo ebel","10","0","2","Low"
"1936","tattoo ebooks free","10","0","3","Low"
"1937","tattoo eb","10","0","2","Low"
"1938","tattoo effect tights","10","0","3","Low"
"1939","tattoo eindhoven","10","0","2","Low"
"1940","tattoo einverständniserklärung","10","0","2","Low"
"1941","tattoo eincremen","10","0","2","Low"
"1942","tattoo eight","10","0","2","Low"
"1943","tattoo eincremen wie lange","10","0","4","Low"
"1944","tattoo eid","10","0","2","Low"
"1945","tattoo emporium sevenoaks","10","0","3","Low"
"1946","tattoo emerald","10","0","2","Low"
"1947","tattoo ek onkar","10","0","3","Low"
"1948","tattoo eksjö","10","0","2","Low"
"1949","tattoo ekg line","10","0","3","Low"
"1950","tattoo ekv","10","0","2","Low"
"1951","tattoo ekg","10","0","2","Medium"
"1952","tattoo eklavya logo","10","0","3","Low"
"1953","tattoo ekg heart","10","0","3","Low"
"1954","tattoo ennis","10","0","2","Low"
"1955","tattoo entfernen kosten","10","5.85","3","Medium"
"1956","tattoo equipment uk","10","0","3","Low"
"1957","tattoo epsom","10","0","2","Low"
"1958","tattoo ephemere","10","0","2","High"
"1959","tattoo epping","10","0","2","Low"
"1960","tattoo epidermis","10","0","2","Low"
"1961","tattoo ephrata pa","10","0","3","Low"
"1962","tattoo epaule femme","10","0","3","Low"
"1963","tattoo epic fail","10","0","3","Low"
"1964","tattoo epaule homme","10","0","3","Low"
"1965","tattoo eo","10","0","2","Low"
"1966","tattoo ejercito","10","0","2","Low"
"1967","tattoo eraser price","10","0","3","High"
"1968","tattoo era","10","0","2","Low"
"1969","tattoo erode","10","0","2","Low"
"1970","tattoo eraser machine","10","0","3","High"
"1971","tattoo erina","10","0","2","Low"
"1972","tattoo ernakulam","10","0","2","Low"
"1973","tattoo ethiopia","10","0","2","Low"
"1974","tattoo etiquette in japan","10","0","4","Low"
"1975","tattoo etobicoke","10","0","2","Low"
"1976","tattoo etched mirror","10","0","3","Medium"
"1977","tattoo event auckland","10","0","3","Low"
"1978","tattoo ewing nj","10","0","3","Low"
"1979","tattoo ewige verbundenheit","10","0","3","Low"
"1980","tattoo ewige liebe","10","0","3","Low"
"1981","tattoo expo melbourne","10","0","3","Low"
"1982","tattoo expo melbourne 2026","10","0","4","Low"
"1983","tattoo expo saskatoon","10","0","3","Low"
"1984","tattoo eurovision song","10","0","3","Low"
"1985","tattoo eurovision 2023","10","0","3","Low"
"1986","tattoo far east plaza","10","0","4","Low"
"1987","tattoo fb cover","10","0","3","Low"
"1988","tattoo fda","10","0","2","Low"
"1989","tattoo fc barcelona","10","0","3","Low"
"1990","tattoo fc 26","10","0","3","Low"
"1991","tattoo fcb","10","0","2","Low"
"1992","tattoo fc 25","10","0","3","Low"
"1993","tattoo fc","10","0","2","Low"
"1994","tattoo ff7","10","0","2","Low"
"1995","tattoo ffxiv mod","10","0","3","Low"
"1996","tattoo ff","10","0","2","Low"
"1997","tattoo ffx","10","0","2","Low"
"1998","tattoo fff","10","0","2","Low"
"1999","tattoo fg","10","0","2","Low"
"2000","tattoo fjernelse","10","0","2","Low"